PostID,LikerID
3581,339
3584,217
3580,217
3578,360
3555,333
3554,354
3552,467
3550,431
3549,350
3547,218
3534,302
3535,302
3536,141
3537,304
3575,368
3528,352
3532,437
3544,287
3516,255
3518,305
3523,128
3514,222
3505,208
3206,276
3092,453
3110,136
3405,287
3382,366
3508,400
3394,340
3539,287
3289,218
3513,136
3220,305
3014,205
2809,315
3687,178
3685,205
3683,136
3682,308
3679,319
3680,229
3677,229
3678,222
3656,326
3719,136
3655,217
3654,305
3651,387
3652,266
3650,227
3648,322
3645,136
3643,305
3638,305
3632,305
3626,218
3625,413
3624,338
3621,449
3622,449
3618,297
3617,451
3616,180
3657,226
3611,287
3594,178
3595,304
3593,124
3592,287
3606,432
3586,231
3620,458
3797,212
3798,212
3802,315
3795,178
3796,254
3779,432
3775,218
3776,114
3774,305
3777,210
3778,178
3773,124
3772,394
3771,468
3769,218
3770,305
3768,378
3766,308
3765,139
3799,136
3747,164
3744,371
3745,218
3742,231
3743,218
3746,218
3739,222
3740,152
3737,218
3738,218
3733,270
3736,307
3730,336
3732,355
3731,178
3727,447
3726,169
3728,387
3725,447
3722,324
3723,439
3721,152
3716,287
3718,278
3717,231
3695,378
3696,378
3698,413
3694,309
3868,193
3867,178
3866,136
3865,114
3863,413
3862,178
3871,178
3860,398
3886,178
3887,178
3888,178
3845,453
3843,305
3840,184
3872,178
3861,462
3835,136
3833,305
3827,383
3830,297
3829,395
3824,178
3826,366
3808,220
3806,383
3807,218
3804,447
3803,296
3801,151
3963,416
3965,254
3962,218
3948,453
3950,447
3944,218
3943,128
3945,231
3946,359
3938,218
3939,222
3941,453
3942,186
3940,218
3937,180
3932,178
3933,439
3930,453
3931,453
3929,359
3928,394
3936,355
3923,177
3926,385
3927,178
3924,265
3922,307
3921,136
3925,296
3920,231
3919,178
3918,178
3903,179
3910,395
3904,265
3902,136
3900,432
3897,164
3895,351
3896,178
3990,218
3989,178
3988,261
3973,218
3999,231
3970,199
3969,178
3966,218
3971,178
3972,199
3967,205
3968,308
3964,378
4142,128
4141,229
4112,406
4111,178
4108,205
4109,447
4110,300
4144,359
4105,333
4107,128
4094,156
4087,136
4092,355
4071,385
4069,431
4057,237
4050,178
4053,431
4037,178
4033,447
4032,178
4029,188
4031,164
4030,354
4068,415
4028,284
4019,150
4000,136
4005,305
3998,432
3997,171
3996,178
3994,205
3995,159
3993,178
4202,222
4187,164
4188,453
4189,217
4190,287
4186,178
4185,178
4184,178
4182,218
4181,178
4173,306
4169,178
4183,205
4167,222
4168,308
4165,193
4166,313
4163,281
4162,218
4161,293
4164,349
4160,178
4159,417
4158,178
4157,178
4191,449
4147,315
4146,178
4145,178
4143,205
4244,251
4237,305
4236,305
4235,287
4234,200
4232,305
4233,305
4231,453
4230,178
4229,231
4225,394
4227,178
4228,178
4226,349
4224,359
4217,125
4216,319
4213,305
4212,305
4211,305
4214,218
4210,218
4209,218
4207,163
4208,178
4547,178
4546,178
4534,388
4531,178
4530,218
4276,221
4532,217
4274,178
4275,178
4273,178
4270,366
4267,178
4268,218
4269,437
4266,178
4258,338
4256,119
4254,449
4246,178
4247,307
4250,178
4244,228
4251,178
4249,178
4253,208
4590,159
4585,250
4581,188
4577,136
4576,178
4575,178
4574,178
4573,395
4567,453
4559,178
4557,139
4555,178
4556,178
4554,394
4553,195
4552,395
4551,392
4548,427
4549,136
4655,312
4654,305
4652,468
4647,287
4643,366
4639,453
4638,217
4637,281
4635,136
4636,136
4632,204
4634,217
4633,305
4628,308
4629,305
4630,305
4626,218
4627,178
4624,178
4625,178
4623,178
4622,178
4611,178
4607,218
4608,173
4610,178
4606,304
4601,178
4603,417
4598,364
4599,302
4597,218
4600,178
4596,222
4595,449
4593,449
4592,378
4594,431
4743,178
4742,458
4740,164
4739,287
4741,304
4738,178
4731,178
4732,389
4725,178
4724,297
4723,300
4722,296
4719,418
4714,218
4706,339
4705,139
4704,270
4703,208
4702,139
4701,218
4700,297
4688,453
4689,336
4687,218
4686,178
4685,447
4683,112
4682,218
4681,178
4679,266
4680,202
4678,305
4684,395
4665,178
4831,195
4821,244
4820,126
4819,412
4818,222
4817,222
4815,395
4814,395
4813,200
4810,458
4809,178
4811,178
4807,178
4806,218
4801,218
4802,218
4803,222
4799,415
4800,221
4792,178
4788,218
4786,178
4783,218
4782,338
4780,178
4781,124
4784,366
4778,307
4779,107
4775,305
4776,305
4777,178
4761,178
4756,192
4755,349
4754,247
4901,453
4899,349
4897,398
4896,178
4895,325
4893,178
4894,178
4891,178
4890,178
4889,178
4887,199
4886,178
4884,108
4885,420
4888,178
4874,178
4872,178
4898,217
4875,178
4892,178
4871,178
4873,178
4870,302
4868,392
4869,302
4862,418
4864,254
4867,178
4856,178
4859,178
4854,178
4852,437
4853,178
4850,114
4851,398
4849,305
4838,349
4835,367
4836,305
4833,178
4837,178
4931,395
4930,196
4927,217
4924,217
4919,178
4916,178
4917,178
4918,195
4915,178
4914,218
4953,229
4952,229
4951,229
4943,231
4939,469
4938,417
4940,325
4936,297
4937,125
4933,202
4934,178
4932,178
4910,178
4911,178
3581,143
3584,304
3580,366
3578,249
3555,268
3554,402
3552,355
3550,287
3549,202
3547,287
3534,351
3535,318
3536,164
3537,332
3575,355
3528,351
3532,461
3544,366
3516,371
3518,205
3523,231
3514,276
3505,400
3206,231
3092,205
3110,307
3405,385
3382,345
3508,208
3394,355
3539,410
3289,327
3513,350
3220,451
3014,355
2809,339
3687,136
3685,437
3683,282
3682,412
3679,297
3677,237
3678,394
3656,297
3655,208
3654,394
3651,303
3650,218
3648,449
3645,231
3643,195
3638,159
3632,282
3626,260
3625,179
3624,195
3621,228
3622,181
3618,308
3617,417
3616,304
3657,267
3611,297
3594,451
3595,164
3593,136
3592,136
3606,349
3586,460
3620,178
3797,231
3798,258
3802,427
3795,394
3796,401
3779,339
3775,307
3776,193
3774,308
3777,420
3778,287
3773,125
3772,297
3771,151
3769,305
3770,164
3768,377
3766,130
3765,378
3799,208
3747,394
3744,271
3745,413
3742,282
3743,366
3746,307
3739,413
3740,395
3737,164
3738,222
3733,365
3736,226
3730,227
3732,297
3731,218
3727,305
3726,305
3728,128
3725,397
3722,439
3723,377
3721,447
3716,136
3718,312
3717,460
3695,221
3696,443
3698,366
3694,178
3868,188
3867,136
3866,313
3865,351
3863,395
3862,136
3871,389
3860,218
3886,366
3887,287
3888,218
3845,130
3843,231
3840,307
3872,296
3861,351
3835,313
3833,159
3827,268
3830,267
3829,267
3824,338
3826,468
3808,378
3806,417
3807,136
3804,287
3803,221
3963,454
3965,394
3962,164
3948,359
3950,453
3944,305
3943,169
3945,296
3946,355
3938,217
3939,305
3941,359
3942,447
3940,417
3937,378
3932,218
3933,178
3930,231
3931,359
3929,395
3926,124
3927,287
3922,205
3921,395
3925,439
3920,150
3919,136
3918,164
3903,106
3910,462
3904,138
3902,124
3900,115
3897,394
3895,334
3896,136
3990,313
3989,305
3988,126
3973,305
3999,415
3970,356
3969,305
3966,169
3971,287
3972,258
3967,308
3968,283
3964,315
4142,178
4141,136
4112,389
4111,164
4108,112
4109,164
4110,203
4144,312
4105,136
4107,212
4094,229
4087,305
4092,450
4071,437
4069,364
4057,328
4050,136
4053,364
4037,447
4033,205
4032,410
4029,191
4031,305
4030,336
4068,308
4028,307
4019,195
4000,124
4005,415
3998,233
3997,380
3996,305
3994,204
3995,205
3993,159
4187,394
4188,394
4189,313
4190,313
4186,383
4185,313
4184,281
4182,287
4181,296
4173,417
4169,218
4183,207
4167,308
4168,417
4165,321
4166,315
4163,378
4162,281
4161,212
4164,199
4160,431
4159,373
4158,218
4157,164
4191,209
4147,350
4146,136
4145,164
4143,195
4244,227
4237,447
4236,229
4235,394
4234,268
4232,308
4233,125
4231,359
4230,287
4229,453
4225,195
4227,287
4228,244
4226,223
4224,454
4217,287
4216,366
4213,204
4212,395
4211,394
4214,178
4210,178
4209,437
4208,226
4547,136
4546,298
4534,218
4531,164
4530,217
4276,218
4532,205
4274,458
4275,226
4273,431
4270,306
4267,287
4268,178
4269,338
4266,287
4258,388
4246,164
4247,359
4250,217
4244,417
4251,297
4249,107
4253,227
4590,403
4585,135
4581,256
4577,296
4576,394
4575,394
4574,458
4573,365
4567,418
4559,231
4557,330
4555,394
4556,164
4553,204
4552,366
4551,229
4549,175
4647,385
4643,468
4639,217
4638,231
4637,453
4635,287
4636,281
4632,196
4634,415
4633,217
4628,120
4629,217
4630,354
4626,178
4627,136
4624,307
4625,212
4623,296
4622,415
4611,395
4607,288
4608,178
4610,125
4606,394
4601,117
4603,325
4598,304
4599,354
4597,296
4600,366
4596,117
4595,394
4593,304
4592,431
4594,178
4743,164
4742,217
4740,417
4739,233
4741,199
4738,458
4731,247
4732,439
4725,305
4724,468
4723,373
4722,394
4719,417
4714,124
4706,371
4705,208
4704,417
4703,139
4702,400
4701,178
4700,193
4688,395
4689,107
4687,178
4686,305
4685,188
4683,188
4682,217
4681,458
4679,131
4680,349
4678,304
4684,394
4665,186
4831,417
4821,420
4820,432
4819,449
4818,395
4817,340
4815,111
4814,366
4810,218
4809,322
4811,287
4807,217
4806,178
4801,178
4802,178
4803,312
4799,445
4800,449
4792,453
4788,231
4786,231
4783,217
4782,270
4780,287
4781,139
4784,371
4778,325
4779,210
4775,307
4776,231
4777,385
4761,313
4756,260
4755,191
4754,106
4901,193
4899,304
4897,299
4896,394
4895,191
4893,262
4894,217
4891,218
4890,217
4889,218
4887,126
4886,366
4888,218
4874,305
4872,287
4875,305
4892,237
4871,217
4873,417
4870,231
4868,207
4869,231
4862,417
4864,395
4867,287
4856,164
4859,287
4854,208
4852,389
4853,458
4850,427
4851,221
4849,307
4838,221
4835,114
4836,307
4833,458
4837,394
4931,394
4930,197
4927,395
4924,395
4919,287
4916,204
4917,218
4918,196
4915,231
4914,307
4943,150
4939,293
4938,397
4940,229
4936,331
4937,453
4933,199
4934,202
4932,217
4910,218
4911,359
3581,374
3584,178
3580,454
3578,164
3555,461
3554,454
3552,130
3550,136
3549,282
3547,305
3534,318
3535,167
3536,191
3537,112
3575,409
3528,350
3532,229
3544,304
3516,376
3518,355
3523,217
3514,231
3505,202
3206,254
3092,204
3110,226
3405,453
3382,348
3508,167
3394,267
3539,389
3289,204
3513,371
3220,247
3014,345
2809,205
3687,297
3685,417
3683,195
3682,402
3679,229
3678,229
3656,380
3655,350
3654,205
3651,336
3650,336
3648,226
3645,460
3643,417
3638,282
3632,417
3626,395
3625,350
3624,189
3621,179
3622,331
3618,224
3617,469
3616,110
3657,264
3611,331
3594,417
3595,130
3593,130
3592,217
3606,340
3586,450
3620,307
3797,308
3798,394
3795,308
3796,297
3779,449
3775,205
3776,199
3774,283
3777,271
3778,231
3773,136
3772,378
3771,360
3769,306
3770,350
3768,202
3766,297
3765,371
3799,389
3747,193
3744,350
3745,231
3742,308
3743,308
3746,282
3739,340
3740,417
3737,231
3738,164
3733,378
3736,308
3730,266
3731,169
3727,313
3726,231
3728,356
3725,202
3722,445
3723,386
3721,270
3716,164
3717,233
3695,287
3696,287
3698,437
3694,404
3868,330
3867,164
3866,308
3865,403
3863,130
3862,164
3871,339
3860,188
3886,383
3887,136
3888,395
3845,452
3843,395
3840,205
3872,417
3861,328
3835,383
3833,453
3827,262
3830,139
3829,439
3824,394
3826,367
3808,304
3806,297
3807,205
3804,305
3803,151
3963,240
3965,439
3962,287
3948,205
3950,359
3944,169
3943,125
3945,355
3946,354
3938,231
3939,169
3941,355
3942,366
3940,193
3937,333
3932,305
3933,151
3930,359
3931,417
3929,205
3926,218
3927,124
3922,199
3921,417
3925,299
3920,124
3919,164
3918,189
3903,271
3910,366
3904,439
3902,130
3900,378
3897,195
3895,328
3896,287
3990,394
3989,359
3988,349
3973,254
3999,297
3970,258
3969,307
3966,175
3971,205
3972,197
3967,283
3968,312
3964,418
4142,164
4141,276
4112,351
4111,136
4109,136
4110,351
4144,354
4105,449
4107,210
4094,378
4087,231
4092,272
4071,383
4069,366
4057,316
4050,231
4037,164
4033,308
4032,452
4029,336
4031,205
4030,195
4028,308
4019,380
4000,364
4005,417
3998,304
3997,180
3996,319
3994,196
3995,156
3993,308
4187,193
4188,139
4189,394
4190,394
4186,229
4185,394
4184,287
4182,247
4181,313
4169,164
4183,445
4167,417
4168,293
4165,150
4166,106
4163,303
4162,394
4161,339
4164,301
4160,218
4159,278
4158,287
4157,136
4147,395
4146,383
4145,136
4143,196
4244,179
4237,394
4236,427
4235,229
4232,204
4233,231
4231,229
4230,367
4229,364
4225,349
4227,364
4228,254
4226,330
4224,377
4217,136
4216,468
4213,196
4212,366
4211,339
4214,287
4210,287
4209,139
4208,395
4547,231
4546,417
4534,114
4531,231
4530,307
4276,226
4274,205
4275,208
4273,296
4270,468
4267,164
4268,159
4269,388
4266,195
4258,306
4246,418
4247,417
4250,308
4244,179
4251,380
4249,449
4253,439
4585,468
4581,398
4577,345
4576,304
4575,359
4574,287
4573,199
4567,106
4559,394
4557,351
4555,417
4556,159
4553,196
4552,417
4551,223
4549,231
4647,270
4643,367
4639,226
4638,325
4637,338
4635,281
4636,453
4632,199
4634,383
4633,417
4628,212
4629,395
4626,136
4627,287
4624,394
4623,395
4622,326
4611,394
4607,178
4608,366
4610,305
4606,350
4601,287
4603,229
4598,202
4599,219
4597,394
4600,373
4596,226
4595,218
4593,218
4592,349
4594,315
4743,359
4742,319
4740,192
4739,468
4741,403
4738,164
4731,231
4732,376
4725,307
4724,371
4723,232
4722,380
4719,107
4714,164
4705,374
4704,302
4703,398
4702,131
4701,458
4700,196
4688,366
4689,261
4687,164
4686,308
4685,163
4683,400
4682,395
4681,217
4679,417
4680,266
4678,468
4684,331
4665,164
4831,304
4818,312
4817,313
4810,178
4809,371
4811,340
4807,460
4806,340
4801,222
4802,287
4803,221
4800,442
4792,392
4788,319
4786,340
4783,349
4782,417
4780,460
4781,229
4778,139
4779,322
4775,283
4776,106
4777,175
4761,395
4756,106
4755,297
4754,417
4901,302
4899,193
4897,389
4896,366
4895,188
4893,394
4894,262
4891,287
4890,325
4889,217
4887,432
4886,325
4888,217
4874,217
4872,319
4875,217
4892,339
4871,296
4873,150
4870,116
4868,231
4869,449
4864,193
4867,319
4856,313
4859,117
4854,181
4853,217
4849,306
4838,266
4835,221
4836,315
4833,385
4837,322
4931,196
4930,200
4927,394
4924,394
4919,217
4916,193
4917,217
4918,202
4915,460
4914,195
4943,293
4939,220
4938,469
4940,376
4936,227
4937,307
4933,212
4934,199
4932,313
4910,305
4911,395
3581,179
3584,374
3580,313
3578,190
3555,182
3554,302
3552,297
3550,164
3549,196
3547,217
3534,249
3535,171
3536,181
3537,111
3575,463
3528,188
3532,389
3544,336
3516,325
3518,106
3523,453
3514,326
3505,445
3206,205
3092,196
3110,337
3405,282
3382,349
3508,308
3394,356
3539,378
3289,439
3513,396
3220,307
3014,229
2809,333
3687,229
3685,267
3683,204
3682,351
3679,350
3678,237
3656,139
3655,333
3654,188
3650,382
3648,123
3645,232
3643,387
3638,394
3632,150
3626,366
3625,138
3624,301
3621,360
3622,179
3618,449
3617,210
3616,266
3657,189
3611,188
3594,380
3595,365
3593,135
3592,247
3606,305
3586,233
3620,226
3797,151
3798,191
3795,417
3796,402
3779,333
3775,308
3776,378
3774,439
3777,300
3778,394
3773,282
3772,282
3771,305
3769,308
3770,179
3768,111
3766,302
3799,443
3747,330
3744,282
3745,282
3742,417
3743,283
3746,394
3739,260
3740,235
3737,217
3738,217
3733,401
3736,130
3730,403
3731,298
3727,460
3726,307
3728,304
3725,199
3722,377
3723,374
3721,383
3716,231
3717,232
3695,220
3696,202
3698,409
3694,351
3868,115
3867,305
3866,417
3865,431
3863,297
3862,217
3871,271
3860,308
3886,308
3887,454
3888,401
3845,297
3843,366
3840,308
3872,380
3861,221
3835,325
3833,307
3827,199
3830,302
3829,266
3824,410
3826,237
3808,365
3806,380
3807,308
3804,306
3963,251
3965,197
3962,124
3948,355
3950,355
3944,413
3943,124
3945,139
3938,307
3939,413
3941,135
3942,349
3940,251
3937,350
3932,270
3933,330
3930,302
3931,354
3929,366
3926,208
3927,199
3922,202
3921,265
3925,300
3920,179
3919,394
3918,371
3903,150
3910,468
3904,442
3902,468
3900,297
3897,297
3895,312
3896,307
3990,415
3989,205
3988,340
3973,205
3999,228
3970,197
3969,308
3966,297
3971,380
3972,427
3967,233
3968,420
3964,262
4142,136
4141,373
4112,378
4111,247
4109,284
4110,136
4105,221
4107,203
4094,136
4087,307
4092,229
4071,331
4069,180
4057,439
4050,247
4037,453
4033,417
4032,229
4029,449
4031,417
4030,223
4028,304
4019,217
4000,205
4005,410
3998,205
3997,354
3996,415
3994,199
3995,367
3993,204
4187,469
4189,306
4190,395
4186,377
4185,395
4184,413
4182,262
4181,415
4169,231
4183,208
4167,293
4165,299
4166,324
4163,294
4162,417
4161,378
4164,366
4160,287
4159,341
4158,247
4157,338
4147,468
4146,392
4145,247
4143,199
4244,354
4237,204
4236,268
4235,212
4232,200
4233,394
4231,354
4230,119
4229,417
4225,188
4227,324
4228,347
4226,351
4217,247
4216,212
4213,202
4212,468
4211,336
4214,231
4210,226
4209,367
4208,394
4547,296
4546,223
4534,330
4531,262
4530,205
4276,350
4274,304
4275,126
4273,262
4270,112
4267,159
4268,340
4269,167
4266,349
4258,259
4246,366
4247,324
4250,297
4244,354
4251,138
4253,297
4585,188
4577,304
4576,156
4575,339
4574,164
4573,132
4567,417
4559,195
4555,233
4556,296
4553,199
4552,397
4551,322
4549,452
4647,315
4639,395
4638,297
4637,401
4635,231
4636,231
4632,202
4634,229
4633,204
4628,134
4629,308
4626,305
4627,217
4624,150
4623,394
4622,327
4611,355
4607,366
4608,126
4610,296
4606,151
4601,395
4603,120
4598,120
4600,445
4596,395
4595,327
4593,403
4592,200
4594,410
4743,394
4742,394
4740,188
4739,210
4741,114
4738,453
4731,395
4732,366
4725,139
4724,354
4723,309
4719,439
4714,313
4705,289
4704,139
4703,123
4702,427
4701,431
4700,199
4688,233
4689,417
4687,136
4686,304
4685,140
4683,247
4682,401
4681,417
4679,112
4680,445
4678,229
4684,225
4665,453
4831,126
4818,365
4817,418
4810,231
4809,200
4811,366
4807,395
4806,460
4801,247
4802,217
4803,378
4800,336
4792,322
4788,313
4786,453
4783,322
4782,297
4780,366
4781,126
4778,302
4779,260
4775,156
4776,417
4777,364
4761,394
4756,351
4755,112
4754,326
4901,120
4899,468
4896,468
4893,237
4894,260
4891,306
4890,195
4889,306
4886,468
4888,195
4874,415
4872,192
4875,262
4892,449
4871,469
4873,312
4870,350
4868,233
4869,469
4864,469
4867,395
4856,437
4859,247
4853,313
4849,195
4838,322
4835,231
4836,233
4833,319
4837,389
4931,197
4930,427
4927,386
4924,386
4919,244
4916,265
4917,415
4918,469
4915,395
4914,304
4943,229
4939,398
4938,293
4940,442
4936,122
4937,226
4933,203
4934,203
4932,139
4910,217
4911,394
3581,112
3584,392
3580,432
3578,110
3555,214
3554,400
3552,235
3550,217
3549,195
3547,284
3534,312
3535,122
3536,437
3537,398
3575,380
3528,249
3532,312
3516,268
3518,417
3523,313
3514,365
3505,340
3206,193
3092,202
3110,415
3405,359
3382,380
3508,235
3539,255
3289,365
3513,432
3220,337
3014,365
2809,354
3687,351
3685,229
3683,196
3682,432
3678,312
3656,302
3655,404
3654,229
3650,177
3648,227
3645,238
3643,350
3638,308
3632,188
3626,315
3625,365
3624,200
3621,304
3622,360
3618,181
3617,209
3616,182
3657,334
3611,330
3594,468
3595,437
3593,121
3592,320
3606,365
3586,232
3620,368
3797,258
3798,197
3795,380
3796,403
3779,312
3775,417
3776,271
3777,432
3778,397
3773,394
3772,432
3771,445
3769,304
3770,328
3768,107
3766,212
3747,221
3744,251
3745,394
3742,138
3743,417
3746,283
3739,254
3740,398
3737,359
3738,395
3733,406
3736,373
3730,351
3731,437
3727,308
3726,308
3728,308
3725,360
3722,402
3723,420
3721,207
3716,296
3717,235
3695,330
3696,350
3698,308
3694,350
3867,453
3866,233
3865,328
3863,193
3862,394
3871,449
3860,203
3886,468
3887,237
3888,366
3845,302
3843,204
3840,410
3872,389
3861,350
3835,250
3833,308
3827,136
3830,212
3829,371
3824,452
3826,389
3808,367
3806,150
3807,417
3804,308
3963,140
3965,288
3962,270
3948,469
3944,205
3943,130
3945,227
3938,205
3939,447
3941,251
3942,180
3940,107
3937,195
3932,307
3933,114
3930,251
3929,345
3926,395
3927,469
3922,266
3921,121
3925,255
3920,274
3919,395
3918,179
3903,341
3910,156
3904,268
3902,121
3900,271
3897,265
3895,313
3896,366
3990,116
3989,315
3988,207
3973,195
3999,371
3970,427
3969,130
3966,468
3971,392
3972,204
3964,300
4142,124
4141,364
4112,200
4111,217
4109,394
4110,392
4105,238
4094,468
4087,401
4092,278
4071,380
4069,454
4057,339
4050,394
4037,205
4033,229
4032,138
4029,420
4031,204
4030,240
4028,245
4019,184
4000,130
4005,211
3998,427
3997,297
3996,417
3994,202
3995,225
3993,392
4187,330
4189,383
4190,417
4186,389
4185,469
4184,124
4182,270
4181,308
4169,453
4183,209
4167,378
4165,389
4166,302
4163,432
4162,297
4161,449
4164,432
4160,164
4159,378
4158,382
4157,319
4147,247
4146,139
4145,313
4143,229
4244,268
4237,380
4235,268
4232,268
4233,308
4231,356
4230,398
4229,204
4225,223
4227,392
4228,394
4226,256
4217,352
4216,365
4213,199
4212,139
4214,270
4210,270
4209,339
4208,297
4547,395
4546,389
4534,468
4531,386
4530,243
4276,388
4274,150
4275,309
4273,205
4270,164
4267,139
4268,207
4269,114
4266,139
4258,468
4246,121
4247,304
4250,193
4244,227
4251,445
4253,195
4585,403
4577,403
4576,339
4574,453
4573,302
4567,297
4559,238
4555,312
4556,366
4553,229
4552,229
4551,398
4549,330
4647,366
4639,315
4638,193
4637,233
4635,270
4636,262
4632,427
4634,389
4633,439
4628,126
4629,417
4626,217
4627,307
4624,212
4623,195
4622,265
4611,193
4607,432
4608,432
4610,394
4606,315
4601,315
4603,194
4598,339
4600,440
4596,308
4595,432
4593,188
4592,309
4594,380
4743,417
4742,116
4740,439
4739,289
4741,200
4738,231
4731,417
4732,196
4725,229
4724,131
4723,193
4719,108
4714,307
4705,398
4704,376
4703,376
4701,453
4700,202
4688,468
4689,308
4687,319
4683,232
4682,195
4681,297
4679,400
4680,112
4678,212
4684,339
4665,313
4831,378
4818,432
4817,395
4810,217
4811,380
4807,359
4806,383
4801,340
4802,460
4792,256
4788,366
4786,460
4783,312
4782,107
4780,327
4781,341
4778,229
4779,365
4775,229
4776,297
4777,229
4761,454
4756,306
4755,260
4754,156
4901,353
4899,139
4896,150
4893,274
4894,364
4891,366
4890,180
4889,195
4886,237
4888,444
4874,306
4872,349
4875,325
4871,293
4873,354
4870,180
4868,449
4869,252
4864,293
4867,192
4856,366
4859,262
4853,395
4849,398
4838,231
4835,395
4836,414
4833,223
4837,312
4931,114
4927,297
4924,297
4919,231
4916,191
4917,196
4918,203
4915,359
4914,341
4943,330
4939,371
4938,229
4936,179
4937,417
4933,179
4932,258
4910,306
4911,460
3581,366
3584,261
3580,150
3578,312
3555,308
3554,231
3552,229
3550,247
3549,229
3547,308
3534,166
3535,346
3536,332
3537,394
3575,194
3528,164
3532,442
3516,432
3518,326
3523,306
3514,312
3505,163
3206,272
3092,199
3110,326
3405,355
3382,389
3508,309
3539,427
3289,350
3513,268
3220,306
3014,114
2809,324
3687,398
3685,107
3683,235
3682,227
3678,350
3656,138
3655,387
3654,251
3650,431
3648,404
3645,297
3638,417
3632,373
3626,195
3625,122
3621,378
3622,304
3618,331
3616,451
3657,449
3611,251
3594,389
3595,308
3593,139
3592,315
3606,259
3586,238
3620,315
3797,394
3798,351
3795,304
3796,404
3779,316
3775,468
3776,164
3777,387
3778,265
3773,395
3772,322
3771,350
3769,138
3770,214
3768,383
3766,208
3747,282
3744,151
3745,359
3742,212
3743,138
3746,417
3739,308
3740,266
3737,395
3738,308
3733,294
3736,208
3730,366
3731,383
3727,265
3726,468
3728,268
3725,354
3722,355
3723,121
3721,130
3716,313
3717,229
3695,204
3696,180
3698,297
3694,454
3867,394
3866,297
3865,130
3863,150
3862,395
3860,333
3886,403
3887,332
3888,192
3845,293
3843,196
3840,380
3861,449
3835,304
3833,130
3827,354
3830,299
3829,268
3824,163
3826,365
3808,217
3806,407
3807,392
3804,130
3965,221
3962,319
3948,212
3944,450
3943,135
3945,271
3938,383
3939,307
3941,354
3942,130
3940,256
3937,116
3932,130
3933,378
3930,114
3929,468
3926,445
3927,274
3922,203
3921,243
3925,301
3920,208
3919,205
3918,333
3903,365
3910,367
3902,365
3900,349
3897,304
3895,296
3896,233
3990,205
3989,297
3988,400
3973,204
3970,204
3969,204
3966,173
3971,199
3972,203
3964,351
4142,394
4141,134
4112,199
4111,394
4109,364
4110,312
4105,140
4094,195
4087,437
4092,336
4071,229
4069,181
4057,178
4050,401
4037,308
4033,138
4032,439
4029,167
4031,304
4030,359
4028,312
4019,136
4000,121
4005,150
3998,376
3997,350
3996,297
3994,150
3995,365
3993,199
4187,256
4189,417
4190,304
4186,208
4185,229
4184,231
4182,296
4181,211
4169,394
4167,115
4165,449
4166,403
4162,150
4161,179
4164,388
4160,124
4159,122
4158,298
4157,313
4147,289
4146,229
4145,254
4143,293
4237,193
4233,204
4230,289
4229,380
4225,351
4227,256
4228,383
4226,439
4217,319
4216,266
4213,197
4212,367
4214,395
4210,308
4209,374
4208,392
4547,106
4546,339
4534,167
4531,417
4530,376
4276,468
4274,229
4275,334
4273,366
4270,247
4267,199
4268,452
4269,306
4266,220
4258,250
4246,469
4247,392
4250,380
4244,251
4251,341
4253,194
4585,365
4577,351
4576,342
4574,296
4573,364
4567,108
4559,392
4555,268
4556,207
4553,114
4552,398
4551,225
4549,221
4647,233
4639,417
4638,237
4637,349
4635,415
4636,226
4633,398
4628,114
4629,439
4626,307
4627,226
4624,398
4623,417
4622,258
4611,469
4607,301
4608,403
4610,417
4606,178
4601,233
4603,449
4598,126
4600,208
4596,410
4595,188
4593,114
4592,199
4594,403
4743,233
4742,315
4740,108
4739,374
4741,131
4738,352
4731,297
4732,460
4725,225
4723,308
4719,303
4714,394
4705,315
4704,225
4703,202
4701,364
4700,203
4688,139
4689,315
4687,262
4683,107
4682,139
4681,180
4679,210
4680,400
4678,336
4684,449
4665,395
4831,374
4818,420
4817,394
4810,418
4811,322
4807,325
4806,386
4801,418
4802,395
4792,439
4788,233
4786,417
4783,334
4782,439
4780,210
4781,114
4778,412
4779,332
4775,398
4776,130
4761,156
4756,312
4755,261
4754,229
4901,200
4899,199
4896,139
4893,400
4894,450
4891,192
4890,261
4889,380
4886,445
4888,139
4874,308
4872,265
4875,304
4871,227
4873,432
4870,440
4868,180
4869,320
4864,197
4867,392
4856,233
4859,395
4853,306
4849,365
4838,120
4835,350
4836,208
4833,398
4837,350
4931,427
4927,204
4924,469
4919,296
4916,229
4917,202
4918,131
4915,233
4914,336
4943,439
4939,179
4938,208
4936,432
4937,325
4933,336
4932,208
4910,417
4911,232
3581,453
3584,315
3580,397
3578,252
3555,366
3554,202
3552,300
3550,260
3549,203
3547,304
3534,106
3535,332
3536,218
3537,365
3575,225
3528,306
3532,294
3516,150
3518,365
3523,265
3514,328
3505,417
3206,229
3092,229
3110,121
3405,366
3382,328
3508,150
3539,294
3289,268
3220,366
3014,112
2809,195
3687,354
3685,439
3683,202
3682,266
3678,374
3656,229
3655,175
3654,163
3650,360
3648,383
3645,188
3638,233
3632,210
3626,349
3625,417
3621,445
3622,171
3618,193
3616,301
3657,432
3611,387
3594,449
3595,350
3593,120
3592,318
3606,308
3586,235
3620,208
3797,223
3798,316
3795,156
3796,360
3779,256
3775,265
3776,374
3777,296
3778,304
3773,306
3772,387
3771,394
3769,266
3770,329
3768,258
3766,299
3747,432
3744,324
3745,308
3742,389
3743,373
3746,139
3739,417
3740,449
3737,355
3738,297
3733,115
3736,365
3730,193
3731,308
3727,304
3726,304
3728,112
3725,201
3722,305
3723,264
3721,193
3716,395
3695,171
3696,301
3698,150
3694,360
3867,395
3866,267
3865,212
3863,138
3862,462
3860,349
3886,330
3887,443
3888,249
3845,229
3843,267
3840,229
3835,469
3833,304
3827,338
3830,300
3824,365
3826,374
3808,231
3807,196
3804,193
3965,290
3962,359
3948,271
3944,324
3943,121
3945,354
3938,417
3939,308
3941,268
3942,251
3940,351
3937,164
3932,196
3933,179
3930,151
3929,469
3926,316
3927,400
3922,200
3921,376
3920,445
3919,308
3903,462
3910,373
3902,134
3900,309
3897,293
3895,179
3896,192
3990,468
3989,304
3988,151
3973,304
3970,195
3969,139
3966,373
3971,258
3972,202
3964,394
4142,395
4141,131
4112,312
4111,205
4109,395
4110,262
4105,186
4094,134
4087,325
4092,268
4071,312
4069,378
4057,204
4050,205
4037,410
4033,309
4032,163
4029,218
4031,229
4030,225
4028,365
4019,316
4000,135
4005,138
3998,394
3997,199
3996,468
3994,225
3995,292
3993,150
4187,389
4189,243
4190,469
4186,309
4185,439
4184,296
4182,205
4181,139
4169,395
4165,268
4166,229
4162,293
4161,432
4164,112
4160,231
4159,432
4158,395
4157,254
4147,308
4146,221
4145,394
4143,330
4237,139
4233,193
4230,228
4229,439
4225,439
4227,439
4228,417
4226,389
4217,296
4216,374
4213,212
4212,258
4214,207
4210,366
4209,259
4208,469
4547,297
4546,449
4534,233
4531,233
4530,389
4276,328
4274,389
4273,180
4270,394
4267,208
4268,297
4269,468
4266,339
4258,195
4246,243
4247,202
4250,139
4244,268
4251,449
4253,351
4585,132
4577,227
4574,298
4573,126
4567,300
4559,227
4556,195
4553,201
4552,360
4551,221
4549,112
4647,207
4639,193
4638,214
4637,265
4635,315
4636,401
4633,268
4628,354
4629,212
4626,395
4627,308
4623,265
4622,212
4611,188
4607,330
4608,444
4610,207
4606,439
4601,207
4598,400
4600,449
4596,349
4595,415
4593,432
4592,246
4594,229
4743,297
4742,349
4740,189
4739,449
4738,217
4731,349
4732,333
4725,365
4723,398
4719,111
4714,233
4705,130
4704,299
4703,322
4701,415
4700,371
4688,367
4689,208
4687,254
4683,378
4682,403
4681,139
4679,123
4680,110
4684,179
4665,304
4831,112
4817,193
4810,395
4811,107
4807,195
4806,349
4801,395
4802,417
4792,119
4788,193
4786,297
4783,333
4782,299
4780,289
4781,203
4778,440
4779,247
4775,208
4776,199
4761,227
4756,210
4755,222
4754,120
4901,356
4899,373
4896,188
4893,166
4894,302
4891,304
4890,193
4889,468
4886,440
4888,439
4874,437
4872,193
4875,193
4871,339
4870,376
4868,334
4869,200
4864,389
4867,193
4856,150
4859,437
4853,315
4849,200
4838,395
4835,398
4836,350
4833,333
4837,449
4927,367
4924,229
4919,260
4916,330
4917,469
4918,200
4915,469
4943,432
4939,432
4938,354
4936,420
4937,297
4932,212
4910,204
4911,233
3581,315
3584,164
3580,268
3578,202
3555,250
3554,228
3552,189
3550,382
3549,366
3547,229
3534,304
3535,392
3536,151
3537,119
3575,341
3528,437
3516,181
3518,268
3523,150
3514,268
3505,188
3206,330
3092,237
3110,229
3405,302
3382,371
3508,240
3289,290
3220,106
3014,356
2809,196
3685,341
3683,199
3682,182
3678,354
3656,194
3655,205
3654,365
3650,439
3648,237
3645,293
3638,468
3632,449
3626,392
3625,235
3621,171
3622,169
3618,360
3616,167
3611,194
3595,439
3593,132
3592,204
3606,224
3586,312
3620,332
3797,237
3798,112
3795,212
3796,301
3779,288
3775,119
3776,297
3777,365
3778,302
3773,297
3772,449
3771,244
3769,350
3770,415
3768,333
3766,300
3747,259
3744,365
3745,283
3742,371
3743,212
3746,365
3739,267
3740,255
3737,366
3738,235
3733,291
3736,341
3730,350
3731,417
3727,139
3726,258
3728,258
3725,427
3722,374
3723,190
3721,199
3716,308
3695,202
3696,397
3698,188
3694,218
3867,308
3866,454
3865,252
3863,412
3862,410
3860,244
3886,322
3887,371
3888,267
3845,142
3843,304
3840,212
3835,188
3833,229
3827,350
3830,301
3824,371
3826,371
3808,349
3807,267
3804,304
3962,394
3948,354
3944,325
3943,139
3945,336
3938,233
3939,324
3942,237
3940,312
3937,199
3932,199
3933,194
3929,403
3926,265
3927,427
3922,201
3921,439
3920,395
3919,297
3903,400
3910,189
3902,371
3900,462
3897,228
3895,307
3896,202
3990,304
3989,412
3988,256
3973,189
3970,468
3969,414
3966,197
3971,322
3972,126
3964,256
4142,121
4141,367
4112,449
4111,195
4109,355
4110,296
4105,218
4094,193
4087,196
4071,189
4069,449
4057,296
4050,437
4037,297
4033,371
4032,398
4029,225
4031,439
4030,237
4028,406
4019,302
4000,139
4005,237
3998,365
3997,432
3996,193
3994,292
3995,266
3993,138
4187,228
4189,469
4190,150
4186,432
4185,228
4184,313
4182,383
4181,188
4169,205
4165,432
4166,299
4162,322
4161,115
4164,319
4160,401
4158,401
4157,394
4147,418
4146,442
4145,395
4143,365
4237,229
4233,469
4230,309
4229,398
4225,266
4227,398
4228,207
4226,350
4217,226
4216,179
4213,365
4212,266
4214,232
4210,207
4209,420
4208,454
4547,229
4534,336
4531,397
4530,214
4276,356
4274,289
4273,193
4270,208
4267,398
4268,304
4269,260
4266,122
4258,367
4246,139
4247,199
4250,293
4244,218
4253,420
4585,292
4577,292
4574,418
4573,220
4567,268
4559,151
4556,324
4553,268
4551,449
4549,268
4647,452
4639,265
4638,328
4637,414
4635,233
4636,315
4628,131
4629,214
4626,308
4627,233
4623,196
4622,398
4611,223
4607,226
4608,322
4610,192
4606,265
4601,297
4598,432
4596,265
4595,308
4593,327
4592,330
4594,388
4743,304
4742,322
4740,190
4739,371
4738,359
4731,304
4732,371
4725,114
4723,136
4719,268
4714,192
4705,373
4704,300
4703,365
4701,366
4700,354
4688,373
4689,254
4687,382
4683,193
4682,376
4681,208
4679,139
4680,210
4665,173
4831,427
4817,444
4810,394
4811,225
4807,417
4806,193
4801,394
4802,207
4792,227
4788,304
4786,192
4782,221
4780,365
4781,131
4778,312
4779,287
4775,228
4776,156
4761,228
4756,403
4755,437
4754,365
4901,179
4899,274
4896,367
4893,336
4894,412
4891,468
4890,191
4889,139
4886,365
4888,389
4874,417
4872,331
4875,331
4871,292
4870,398
4868,151
4869,333
4864,350
4867,199
4856,156
4859,417
4853,452
4838,350
4835,195
4836,221
4833,336
4837,151
4927,312
4924,312
4919,395
4916,227
4917,229
4918,427
4915,229
4939,336
4938,432
4937,192
4932,227
4910,327
4911,204
3581,462
3584,332
3580,212
3578,324
3555,402
3554,332
3552,268
3550,394
3549,188
3547,251
3534,328
3535,194
3536,110
3537,271
3575,190
3528,328
3516,333
3523,387
3505,235
3206,251
3092,197
3110,439
3405,150
3382,179
3508,350
3220,308
2809,141
3685,371
3683,138
3682,414
3678,177
3656,299
3655,383
3654,154
3650,398
3648,400
3645,239
3638,139
3632,354
3626,468
3625,151
3621,350
3622,121
3618,122
3616,387
3611,256
3595,287
3593,126
3592,297
3606,333
3586,443
3620,443
3797,247
3798,193
3795,208
3779,287
3775,212
3776,202
3777,315
3778,237
3773,135
3772,354
3771,442
3769,449
3770,217
3768,299
3766,371
3747,395
3744,138
3745,417
3742,420
3743,189
3746,371
3739,258
3737,308
3738,121
3733,290
3736,371
3730,164
3731,386
3727,156
3726,229
3728,287
3722,217
3723,141
3721,188
3716,417
3695,224
3696,392
3698,402
3694,193
3867,195
3866,439
3865,340
3863,229
3862,297
3860,336
3886,120
3887,400
3888,293
3845,278
3843,199
3840,108
3835,194
3833,312
3827,107
3830,303
3824,360
3826,354
3808,139
3807,202
3804,156
3962,315
3944,180
3943,454
3938,326
3939,417
3942,365
3940,288
3937,287
3932,202
3933,293
3929,367
3926,439
3927,432
3921,373
3920,316
3919,326
3903,193
3910,365
3902,114
3900,400
3897,271
3895,367
3896,322
3990,403
3989,229
3988,332
3973,365
3970,203
3969,197
3966,339
3971,256
3972,374
3964,255
4142,137
4141,124
4112,437
4111,304
4109,106
4110,195
4105,131
4094,401
4087,445
4071,378
4069,151
4057,287
4050,106
4037,150
4033,427
4032,312
4029,359
4031,212
4030,297
4028,371
4019,423
4000,138
4005,398
3998,288
3997,289
3996,304
3994,201
3995,449
3993,445
4187,221
4189,139
4190,139
4185,181
4184,395
4182,207
4181,221
4169,233
4166,389
4162,439
4164,266
4160,366
4158,205
4157,395
4147,322
4146,432
4145,346
4143,200
4237,334
4233,200
4230,268
4229,208
4225,350
4227,289
4228,195
4226,126
4217,364
4216,432
4213,339
4212,374
4214,180
4210,297
4208,156
4547,293
4534,367
4531,193
4530,114
4276,164
4273,389
4270,339
4267,227
4268,196
4269,307
4266,449
4258,307
4246,403
4247,403
4250,445
4244,376
4253,289
4585,341
4577,290
4574,106
4573,180
4567,111
4559,268
4556,204
4553,427
4551,356
4647,204
4639,304
4638,350
4637,367
4635,417
4636,366
4628,336
4629,114
4626,366
4627,417
4623,199
4622,365
4611,145
4607,193
4608,437
4610,180
4606,188
4601,265
4596,138
4595,325
4593,371
4592,288
4594,256
4743,199
4742,351
4739,290
4738,394
4731,302
4732,442
4725,371
4723,469
4714,349
4705,364
4704,266
4703,414
4701,417
4700,333
4688,278
4689,385
4687,308
4683,406
4682,407
4681,353
4679,336
4680,336
4665,150
4817,251
4810,417
4811,398
4807,386
4806,365
4801,417
4802,304
4792,332
4788,469
4786,235
4782,111
4780,181
4778,221
4779,334
4775,365
4776,229
4761,312
4756,218
4755,227
4754,221
4901,268
4899,225
4896,373
4894,107
4891,191
4890,188
4889,237
4886,309
4888,214
4874,349
4872,223
4875,389
4871,449
4870,469
4868,376
4869,287
4864,292
4867,293
4856,367
4859,192
4853,297
4838,398
4835,377
4836,449
4927,378
4924,378
4919,394
4916,365
4917,214
4915,367
4938,336
4937,202
4932,371
4910,196
4911,297
3581,250
3584,250
3580,350
3578,439
3555,445
3554,350
3550,235
3549,222
3547,212
3534,180
3535,404
3536,315
3537,376
3575,442
3528,332
3516,205
3523,351
3505,392
3206,143
3092,365
3110,225
3405,229
3508,374
3220,121
2809,156
3685,449
3683,229
3682,374
3656,300
3655,312
3650,217
3648,360
3645,208
3638,150
3632,336
3626,193
3625,458
3621,170
3622,350
3618,304
3616,337
3611,353
3595,231
3593,131
3592,392
3606,341
3586,350
3620,181
3797,365
3798,352
3795,389
3779,205
3775,398
3776,282
3777,354
3778,107
3773,121
3772,333
3771,210
3770,121
3768,312
3766,114
3747,251
3744,334
3745,233
3746,177
3739,220
3737,349
3738,211
3733,307
3730,394
3731,235
3727,229
3726,225
3728,243
3722,244
3723,193
3721,377
3716,349
3695,334
3696,332
3698,138
3694,443
3867,417
3866,371
3865,309
3863,237
3862,121
3860,111
3886,256
3887,354
3888,322
3845,189
3843,229
3840,271
3835,439
3833,350
3827,324
3830,333
3824,309
3826,112
3808,116
3807,199
3804,367
3962,195
3944,452
3943,138
3938,130
3939,138
3942,271
3940,339
3937,237
3932,302
3933,315
3929,439
3926,334
3921,339
3920,439
3919,397
3903,366
3910,271
3902,131
3900,293
3897,151
3895,164
3896,194
3990,189
3989,414
3988,156
3973,374
3970,202
3969,371
3966,183
3971,439
3972,219
3964,210
4142,229
4141,341
4112,346
4111,196
4109,283
4110,193
4105,305
4094,207
4087,227
4071,449
4069,112
4057,468
4050,383
4037,229
4033,336
4032,443
4029,366
4031,371
4030,245
4028,200
4019,468
4000,237
3998,159
3997,304
3996,367
3994,427
3995,400
3993,145
4187,449
4189,439
4190,439
4185,400
4184,205
4182,349
4181,449
4169,130
4166,225
4162,389
4164,378
4160,315
4158,308
4157,306
4147,193
4146,111
4145,345
4143,427
4237,200
4233,268
4230,432
4229,228
4225,126
4227,114
4228,130
4226,316
4217,394
4213,179
4212,114
4214,380
4210,139
4208,439
4547,339
4534,319
4531,380
4276,365
4273,134
4270,290
4267,440
4268,199
4269,164
4258,164
4246,138
4247,293
4250,299
4244,367
4253,199
4585,181
4574,297
4573,287
4556,135
4551,167
4647,265
4639,468
4638,114
4637,229
4635,349
4636,452
4629,112
4626,191
4627,207
4623,202
4622,328
4611,440
4607,427
4608,196
4610,193
4606,312
4601,304
4596,229
4595,417
4593,373
4592,351
4594,398
4743,469
4742,332
4738,437
4731,139
4732,452
4723,407
4714,180
4705,320
4704,423
4703,289
4701,229
4688,228
4689,228
4687,195
4683,181
4682,405
4681,449
4679,224
4680,207
4665,454
4817,107
4810,304
4811,341
4807,193
4806,221
4801,349
4802,202
4792,289
4788,229
4786,139
4782,336
4778,371
4779,367
4775,167
4776,223
4761,339
4756,431
4755,164
4754,378
4899,350
4896,365
4894,351
4891,188
4890,439
4889,376
4886,449
4888,179
4874,452
4872,439
4875,339
4871,112
4870,196
4868,225
4869,392
4864,449
4867,120
4856,373
4859,180
4853,304
4838,247
4835,196
4836,114
4927,328
4924,221
4919,417
4916,210
4917,203
4915,251
4938,420
4937,302
4932,112
4910,468
4911,139
3581,365
3584,365
3580,140
3578,309
3555,454
3554,288
3550,229
3549,258
3547,350
3534,332
3535,151
3536,398
3537,203
3575,303
3528,112
3516,365
3523,439
3505,274
3206,223
3092,339
3110,227
3405,439
3508,439
3220,304
2809,200
3685,354
3683,251
3682,365
3656,312
3655,297
3650,443
3648,388
3645,350
3638,258
3626,139
3625,164
3621,151
3622,417
3618,261
3616,402
3611,228
3595,188
3593,123
3592,304
3606,439
3586,301
3620,378
3797,208
3798,130
3795,271
3779,351
3775,334
3776,432
3777,256
3778,322
3773,304
3772,309
3771,278
3770,282
3768,314
3766,301
3747,350
3744,226
3745,130
3739,330
3737,297
3738,188
3733,360
3730,282
3731,377
3727,225
3726,114
3728,431
3722,117
3723,136
3721,322
3716,297
3695,350
3696,124
3698,229
3694,287
3867,304
3866,449
3865,164
3863,210
3862,211
3860,209
3886,351
3887,432
3888,120
3845,309
3843,439
3840,268
3835,227
3833,271
3827,332
3824,333
3826,336
3808,313
3807,208
3804,212
3962,207
3944,468
3943,132
3938,452
3939,389
3942,449
3940,221
3937,322
3932,139
3933,202
3929,351
3926,178
3920,178
3919,398
3903,293
3910,371
3902,209
3900,278
3895,350
3896,256
3990,181
3989,120
3988,287
3970,365
3966,221
3971,208
3972,322
3964,404
4142,119
4141,305
4112,254
4111,211
4109,304
4110,293
4105,124
4094,112
4087,189
4071,122
4069,268
4057,251
4050,324
4037,377
4032,449
4029,202
4031,427
4030,200
4028,427
4019,401
4000,132
3998,398
3997,210
3996,376
3993,389
4187,190
4189,389
4190,389
4185,179
4184,306
4182,130
4181,432
4169,297
4166,378
4162,339
4164,116
4160,232
4158,297
4157,191
4147,139
4145,121
4143,432
4237,427
4230,333
4229,266
4225,316
4227,309
4228,297
4226,151
4217,106
4213,200
4212,449
4214,302
4210,469
4208,227
4547,289
4534,431
4531,392
4276,116
4273,309
4270,453
4267,246
4268,322
4269,417
4258,350
4246,210
4247,322
4250,114
4244,266
4253,178
4585,126
4574,349
4573,367
4556,139
4647,261
4639,414
4638,427
4637,322
4635,180
4636,349
4629,336
4626,188
4627,297
4623,365
4622,336
4611,246
4607,453
4608,131
4610,139
4606,336
4601,223
4596,322
4595,252
4593,164
4592,350
4594,365
4743,229
4742,246
4738,417
4731,469
4732,437
4723,219
4714,452
4705,196
4704,303
4703,225
4701,208
4688,365
4689,364
4687,297
4683,300
4682,404
4681,400
4679,120
4680,449
4665,439
4817,288
4810,412
4811,316
4807,189
4806,341
4801,192
4802,322
4792,365
4788,367
4786,202
4778,442
4779,171
4775,420
4776,365
4761,378
4756,227
4755,151
4754,309
4899,166
4896,339
4894,225
4891,223
4890,227
4889,389
4888,336
4874,304
4872,197
4875,449
4871,354
4870,334
4868,445
4869,225
4864,442
4867,197
4856,227
4859,452
4853,150
4838,244
4835,341
4836,151
4927,400
4924,214
4919,195
4916,334
4917,131
4915,407
4937,376
4932,179
4910,139
4911,469
3581,205
3584,205
3580,142
3578,449
3555,441
3554,208
3550,449
3549,199
3547,334
3534,289
3535,110
3536,331
3537,196
3528,268
3516,287
3523,225
3505,278
3206,256
3092,350
3110,365
3405,228
3508,333
3220,237
2809,287
3685,179
3683,439
3682,394
3656,371
3655,412
3650,208
3648,398
3645,151
3638,229
3626,202
3625,136
3621,139
3622,170
3618,378
3616,412
3611,378
3595,417
3592,444
3606,287
3586,268
3620,423
3797,330
3798,377
3779,403
3775,271
3776,322
3777,288
3778,256
3773,139
3772,306
3771,247
3770,449
3768,154
3747,151
3744,462
3745,380
3739,256
3737,392
3738,138
3733,315
3730,332
3731,376
3727,312
3726,268
3728,351
3722,121
3723,322
3721,445
3716,235
3695,359
3696,139
3698,208
3694,116
3867,454
3866,432
3865,233
3863,365
3862,138
3860,208
3886,439
3888,445
3845,354
3843,208
3835,389
3833,449
3827,351
3808,334
3807,378
3804,398
3962,130
3944,156
3943,126
3938,196
3939,420
3942,354
3940,309
3937,366
3932,439
3933,164
3929,373
3926,290
3920,114
3919,299
3903,324
3910,400
3900,202
3895,442
3896,108
3990,374
3989,389
3988,296
3970,374
3966,449
3971,227
3972,194
3964,271
4142,120
4141,452
4112,150
4111,199
4109,150
4110,207
4105,112
4094,231
4087,449
4071,255
4069,432
4057,139
4050,468
4037,107
4032,309
4029,403
4030,378
4019,300
4000,134
3998,423
3997,140
3996,389
3993,208
4187,427
4189,151
4190,221
4185,432
4184,324
4182,193
4169,139
4166,449
4162,378
4164,328
4160,233
4158,397
4157,229
4147,207
4145,150
4229,341
4225,112
4227,200
4228,349
4226,112
4217,308
4213,427
4212,309
4214,469
4210,156
4208,228
4547,449
4534,250
4531,139
4276,440
4273,151
4270,440
4267,365
4268,256
4269,214
4258,217
4246,221
4247,376
4250,316
4244,250
4253,220
4585,112
4574,193
4573,351
4556,199
4647,304
4639,237
4638,432
4637,237
4635,297
4636,297
4626,138
4627,265
4623,266
4611,131
4607,336
4608,212
4610,202
4606,229
4601,439
4596,376
4595,229
4593,229
4592,115
4594,292
4743,293
4742,292
4738,195
4731,389
4732,341
4723,364
4714,468
4705,365
4704,442
4703,453
4701,339
4688,350
4689,233
4687,392
4683,205
4682,214
4681,354
4679,171
4680,378
4665,336
4817,365
4810,440
4811,371
4807,371
4806,449
4801,380
4802,351
4792,328
4788,322
4786,302
4778,420
4779,116
4776,114
4761,309
4756,107
4755,312
4754,371
4899,268
4896,114
4894,332
4891,445
4890,339
4889,339
4888,432
4874,380
4872,332
4875,112
4871,111
4870,114
4868,359
4869,265
4864,131
4867,389
4856,374
4859,297
4853,188
4838,205
4835,268
4927,114
4924,151
4919,297
4916,309
4917,354
4915,208
4937,351
4932,336
4910,211
4911,299
3581,313
3584,373
3580,401
3578,374
3555,134
3554,167
3550,255
3549,189
3547,252
3534,392
3535,315
3536,397
3537,208
3528,225
3516,352
3523,134
3505,353
3206,439
3092,271
3110,449
3405,179
3508,354
3220,373
2809,432
3685,268
3683,197
3682,366
3656,301
3655,468
3650,350
3648,366
3645,179
3638,237
3626,199
3625,309
3621,290
3622,235
3618,191
3616,218
3611,374
3595,219
3592,220
3606,231
3620,334
3797,288
3798,260
3779,255
3775,309
3776,387
3777,324
3778,108
3773,137
3772,255
3771,432
3770,255
3768,308
3747,288
3744,212
3745,139
3739,351
3737,235
3738,439
3733,383
3730,303
3731,227
3727,126
3726,427
3728,397
3722,277
3723,191
3721,373
3716,139
3695,180
3696,432
3698,404
3694,334
3867,412
3866,268
3865,365
3863,189
3862,439
3860,449
3886,108
3888,351
3845,268
3843,389
3835,314
3833,112
3827,208
3808,309
3807,221
3804,365
3962,199
3944,138
3943,122
3938,304
3942,177
3940,255
3937,210
3932,256
3933,140
3929,227
3926,114
3920,378
3919,189
3903,188
3910,449
3900,287
3895,186
3896,227
3990,350
3989,365
3988,175
3970,219
3966,371
3971,181
3972,297
3964,301
4142,132
4141,139
4112,395
4111,202
4109,156
4110,150
4105,210
4094,360
4087,371
4071,112
4057,107
4050,139
4037,448
4032,371
4029,229
4030,400
4019,212
4000,126
3998,107
3997,227
3996,225
3993,398
4187,432
4189,432
4190,400
4185,333
4184,195
4182,304
4169,229
4166,354
4162,266
4164,420
4160,297
4158,468
4157,439
4147,366
4145,139
4229,334
4225,167
4227,420
4228,392
4226,167
4217,366
4213,432
4212,200
4214,388
4210,412
4208,114
4547,432
4534,287
4531,229
4276,210
4273,268
4270,334
4267,423
4268,274
4269,349
4258,341
4246,122
4247,274
4250,400
4244,319
4253,442
4574,444
4573,341
4556,107
4647,229
4639,119
4637,439
4635,204
4636,193
4626,439
4627,304
4623,201
4607,420
4608,150
4610,188
4606,373
4601,119
4596,440
4595,228
4593,410
4592,386
4594,126
4743,188
4742,350
4738,297
4731,365
4732,365
4723,266
4714,139
4705,207
4704,131
4703,266
4701,210
4688,378
4689,289
4687,304
4683,304
4682,350
4681,356
4679,188
4680,293
4665,111
4817,126
4810,378
4811,449
4807,112
4806,112
4801,304
4802,119
4792,371
4788,439
4786,229
4779,131
4776,179
4761,151
4756,202
4755,192
4754,131
4896,179
4894,299
4891,288
4890,350
4889,221
4874,193
4872,365
4875,200
4871,336
4870,460
4868,423
4869,423
4864,336
4867,292
4856,179
4859,199
4853,208
4838,334
4835,354
4927,131
4924,114
4919,192
4916,131
4917,200
4915,365
4937,445
4910,202
4911,398
3581,373
3584,299
3580,215
3578,366
3555,151
3554,164
3550,179
3549,309
3547,200
3534,218
3535,297
3536,418
3537,143
3528,333
3516,351
3523,334
3505,385
3206,389
3092,201
3405,432
3508,282
3220,208
2809,397
3683,398
3682,371
3656,303
3655,360
3650,333
3648,178
3645,303
3638,107
3626,188
3625,214
3621,458
3622,290
3618,178
3616,330
3611,371
3595,309
3592,223
3606,188
3620,400
3797,217
3798,293
3779,189
3776,437
3777,287
3778,350
3773,138
3772,439
3771,387
3770,189
3768,164
3747,138
3744,218
3745,138
3739,398
3737,211
3738,212
3733,210
3730,191
3731,228
3727,350
3726,115
3728,203
3722,200
3723,255
3721,189
3716,229
3695,247
3696,322
3698,378
3694,397
3867,229
3866,336
3865,449
3863,443
3862,365
3860,301
3886,441
3888,439
3843,398
3835,328
3833,200
3827,449
3808,431
3807,151
3804,271
3962,403
3944,197
3943,131
3938,199
3940,333
3937,225
3932,373
3933,130
3929,208
3926,180
3920,247
3919,126
3903,189
3900,136
3895,322
3896,208
3990,449
3989,374
3988,252
3970,136
3966,112
3971,400
3972,254
3964,199
4142,378
4141,266
4112,207
4111,150
4109,360
4110,220
4105,389
4094,124
4087,255
4057,378
4050,251
4037,108
4032,354
4029,296
4030,403
4019,208
4000,378
3998,207
3997,205
3996,365
3993,365
4190,151
4184,196
4182,380
4169,293
4166,268
4162,151
4164,403
4160,397
4158,380
4157,312
4147,194
4145,229
4229,252
4225,209
4228,193
4226,111
4217,417
4212,336
4214,322
4210,388
4208,449
4534,112
4531,389
4276,341
4273,432
4270,320
4267,400
4268,439
4269,262
4258,111
4246,400
4247,227
4250,112
4244,351
4253,332
4574,199
4573,392
4556,351
4647,388
4639,389
4637,227
4635,304
4636,265
4626,212
4627,412
4623,131
4607,112
4608,120
4610,330
4606,212
4601,208
4596,278
4595,410
4593,214
4592,304
4594,374
4743,208
4742,442
4738,193
4731,316
4732,349
4723,349
4714,322
4705,452
4703,313
4701,443
4688,449
4689,395
4687,150
4683,227
4682,151
4681,179
4679,406
4680,327
4665,432
4817,378
4810,214
4811,112
4801,322
4802,445
4792,336
4788,227
4786,256
4779,371
4776,333
4761,371
4756,220
4755,202
4754,179
4894,312
4891,339
4890,214
4889,449
4874,469
4872,350
4875,179
4871,432
4870,252
4868,289
4869,289
4867,449
4856,111
4859,293
4853,365
4838,469
4835,111
4927,200
4924,301
4919,265
4916,354
4917,427
4915,221
4937,208
4910,199
4911,225
3581,432
3584,432
3580,164
3578,332
3555,178
3554,423
3550,432
3549,138
3547,111
3534,268
3535,398
3536,260
3537,272
3528,397
3516,374
3523,112
3505,240
3206,365
3092,427
3405,336
3508,107
3220,398
2809,228
3683,339
3682,339
3655,319
3650,297
3648,350
3645,268
3638,212
3626,229
3625,255
3621,306
3622,251
3618,336
3616,265
3611,271
3595,139
3592,225
3606,312
3620,268
3797,287
3798,332
3779,139
3776,365
3777,228
3778,400
3773,120
3772,417
3771,449
3770,138
3768,152
3747,332
3744,380
3745,251
3739,365
3737,138
3738,288
3733,366
3730,349
3731,339
3727,371
3728,249
3722,351
3723,194
3721,312
3716,439
3695,272
3696,189
3698,400
3694,332
3867,237
3865,333
3863,181
3862,189
3860,297
3886,365
3888,108
3843,189
3835,374
3827,365
3808,235
3807,449
3804,449
3962,188
3944,398
3943,154
3938,150
3940,290
3937,332
3932,252
3933,199
3929,365
3926,350
3920,194
3919,350
3903,287
3900,468
3895,178
3896,289
3990,151
3989,112
3988,327
3970,322
3966,171
3971,179
3972,383
3964,150
4142,350
4141,309
4112,220
4111,229
4109,122
4110,301
4105,266
4094,342
4087,268
4057,124
4050,388
4037,427
4032,268
4029,324
4030,229
4019,281
4000,131
3998,231
3997,193
3996,181
3993,449
4190,432
4184,302
4182,196
4169,188
4166,432
4162,112
4164,114
4160,304
4158,302
4157,341
4147,389
4145,439
4229,316
4228,469
4217,195
4214,210
4210,256
4208,179
4534,365
4531,440
4276,364
4273,342
4270,432
4267,268
4268,445
4269,380
4258,220
4246,449
4247,228
4244,178
4253,322
4574,188
4573,458
4556,225
4647,223
4639,398
4637,300
4635,202
4636,196
4626,288
4627,376
4623,427
4607,196
4608,224
4610,288
4606,410
4601,312
4596,266
4595,111
4593,326
4592,227
4594,400
4743,163
4742,333
4738,135
4731,449
4732,468
4723,366
4714,353
4705,378
4703,351
4701,378
4688,400
4689,394
4687,293
4683,341
4682,442
4681,432
4679,449
4680,190
4817,449
4810,449
4811,268
4801,119
4802,312
4792,290
4788,339
4786,227
4779,164
4776,336
4761,449
4756,164
4755,339
4754,224
4894,210
4891,210
4890,221
4889,316
4874,377
4872,221
4875,111
4870,333
4868,287
4869,309
4867,114
4856,268
4859,376
4853,181
4838,164
4835,336
4927,111
4924,200
4919,469
4916,442
4915,309
4937,398
4910,329
4911,228
3581,156
3584,326
3580,409
3578,365
3555,231
3554,304
3550,268
3549,205
3534,389
3535,114
3536,365
3537,202
3528,266
3516,229
3505,365
3206,312
3092,336
3405,290
3508,442
3220,365
2809,293
3683,271
3682,271
3655,107
3650,367
3648,208
3638,151
3626,120
3625,177
3621,164
3622,305
3618,397
3616,378
3611,449
3595,265
3592,227
3606,373
3620,171
3797,392
3798,142
3779,190
3776,431
3777,255
3778,303
3773,439
3772,188
3771,315
3770,313
3768,316
3747,139
3744,417
3745,120
3739,371
3737,251
3738,350
3733,297
3730,287
3731,314
3727,252
3728,336
3722,193
3723,368
3721,350
3716,225
3695,397
3696,458
3698,442
3694,124
3867,398
3865,400
3863,378
3862,312
3860,445
3886,189
3888,389
3843,350
3835,271
3827,442
3808,195
3807,203
3804,400
3962,148
3944,365
3938,211
3937,288
3932,400
3933,287
3929,266
3926,270
3920,199
3919,371
3903,205
3900,205
3895,324
3896,271
3990,179
3989,354
3988,439
3970,443
3966,177
3971,427
3972,217
3964,308
4142,449
4141,132
4112,307
4111,188
4109,371
4110,124
4105,334
4094,214
4057,117
4050,223
4037,111
4029,439
4030,365
4019,151
3998,401
3997,376
3996,449
3993,112
4190,333
4184,139
4182,202
4169,251
4162,354
4164,210
4160,202
4158,139
4157,374
4147,340
4145,389
4229,167
4228,229
4217,452
4214,112
4210,353
4208,112
4534,194
4531,339
4276,205
4270,126
4268,208
4269,342
4258,334
4246,432
4247,449
4244,293
4253,211
4574,107
4573,356
4556,365
4647,197
4639,350
4637,114
4635,302
4636,468
4626,266
4627,439
4623,336
4607,131
4608,208
4610,309
4606,224
4601,210
4596,406
4595,251
4593,415
4592,112
4594,371
4743,225
4738,469
4731,301
4732,209
4723,200
4714,289
4705,371
4703,177
4701,336
4688,371
4689,313
4687,439
4683,376
4682,333
4679,181
4680,289
4817,112
4810,268
4811,420
4801,108
4802,289
4788,365
4786,225
4779,398
4761,131
4756,332
4755,301
4754,219
4894,300
4891,266
4890,449
4889,131
4874,398
4872,449
4875,432
4870,445
4868,309
4869,305
4867,112
4859,322
4853,221
4838,114
4835,190
4927,154
4924,336
4919,403
4916,268
4915,179
4937,289
4910,229
4911,221
3581,451
3584,351
3580,231
3578,222
3555,400
3554,312
3550,427
3549,120
3534,151
3535,337
3536,274
3537,259
3528,365
3516,217
3505,106
3206,374
3508,440
3220,312
2809,380
3683,449
3682,250
3655,427
3650,373
3648,304
3638,371
3626,439
3625,313
3621,182
3622,164
3618,350
3616,413
3611,354
3595,208
3592,246
3606,219
3797,333
3798,350
3779,313
3776,333
3777,323
3778,167
3773,197
3772,336
3771,312
3770,304
3768,351
3747,222
3744,233
3745,439
3739,449
3737,212
3738,255
3733,371
3730,334
3731,271
3727,112
3728,262
3722,325
3723,468
3721,449
3716,210
3695,392
3696,469
3698,427
3694,259
3867,443
3865,287
3863,350
3862,443
3860,316
3886,404
3888,332
3843,371
3835,114
3827,301
3808,164
3807,201
3804,123
3962,107
3944,374
3938,202
3937,325
3932,427
3933,454
3929,449
3926,233
3920,287
3919,114
3903,194
3900,371
3895,244
3896,400
3989,336
3988,290
3970,297
3971,336
3972,380
3964,204
4142,122
4141,330
4112,373
4111,197
4109,151
4110,308
4105,337
4094,284
4057,432
4050,376
4029,204
4030,439
4019,225
3998,274
3997,394
3996,400
3993,427
4184,403
4182,243
4169,142
4162,268
4164,323
4160,302
4158,293
4157,378
4147,254
4145,227
4229,200
4228,157
4217,349
4214,110
4210,227
4208,336
4534,427
4531,449
4276,122
4270,442
4268,210
4269,296
4258,266
4246,115
4247,167
4244,139
4253,432
4574,330
4573,423
4556,289
4647,289
4639,114
4637,356
4635,412
4636,302
4626,151
4627,274
4623,432
4607,287
4608,192
4610,167
4606,180
4601,289
4596,350
4595,178
4593,313
4592,218
4594,114
4743,350
4738,229
4731,131
4732,274
4723,312
4714,406
4705,412
4703,330
4701,268
4688,131
4689,351
4687,197
4683,469
4679,227
4680,342
4817,111
4810,432
4801,398
4802,365
4788,221
4786,440
4779,452
4761,200
4756,266
4755,331
4894,350
4891,221
4890,114
4874,339
4872,190
4870,227
4868,297
4869,447
4867,200
4859,351
4853,449
4838,196
4835,319
4919,414
4915,336
4937,228
4910,212
4911,114
3581,350
3584,107
3580,355
3578,151
3555,228
3554,205
3550,333
3549,365
3534,313
3535,288
3536,374
3537,439
3528,454
3516,350
3505,268
3206,396
3508,322
3220,339
2809,278
3683,203
3682,341
3655,367
3650,193
3648,180
3638,360
3626,197
3625,439
3621,271
3622,378
3618,338
3616,300
3595,121
3592,228
3606,204
3797,197
3798,119
3779,259
3776,332
3777,439
3778,268
3773,212
3772,469
3771,334
3770,218
3768,449
3747,237
3744,413
3745,212
3737,398
3738,179
3733,267
3730,260
3731,449
3727,131
3728,297
3722,194
3723,418
3721,112
3716,228
3695,181
3696,449
3694,432
3867,371
3865,195
3863,371
3862,378
3860,367
3886,406
3888,271
3843,203
3835,112
3827,204
3808,218
3807,179
3804,336
3962,194
3944,334
3938,454
3937,383
3932,432
3933,326
3929,151
3926,164
3920,326
3919,301
3903,371
3900,308
3895,289
3896,114
3988,322
3970,108
3971,432
3972,420
3964,195
4142,151
4141,120
4112,112
4111,389
4109,336
4110,131
4105,439
4094,266
4057,164
4050,225
4029,410
4030,228
4019,365
3998,212
3997,217
3996,354
3993,259
4184,229
4182,139
4169,445
4162,432
4164,431
4160,403
4158,188
4157,350
4147,296
4145,378
4229,268
4228,256
4217,173
4214,432
4210,440
4208,420
4534,217
4531,290
4276,287
4270,351
4268,378
4269,439
4258,227
4244,247
4253,445
4574,227
4573,223
4556,328
4647,341
4639,356
4637,336
4635,237
4636,367
4626,112
4627,227
4607,377
4608,302
4610,336
4606,258
4601,449
4596,114
4595,211
4593,178
4592,403
4743,449
4738,367
4732,231
4723,392
4714,266
4705,392
4703,265
4688,336
4689,378
4687,227
4683,208
4679,378
4680,302
4817,432
4801,208
4802,126
4788,114
4786,398
4779,126
4761,179
4756,452
4755,305
4894,221
4891,309
4890,190
4874,350
4872,333
4870,359
4868,304
4869,307
4867,442
4859,225
4853,179
4838,328
4835,200
4919,367
4915,427
4937,309
4910,398
4911,112
3581,397
3584,156
3580,180
3578,334
3555,274
3554,417
3550,259
3549,373
3534,401
3535,333
3536,108
3537,427
3528,366
3516,373
3505,119
3206,268
3508,336
3220,449
2809,277
3683,336
3682,406
3655,373
3650,164
3648,443
3638,449
3626,373
3625,217
3621,312
3622,136
3618,138
3616,191
3595,316
3592,378
3606,191
3797,301
3798,304
3779,138
3776,126
3777,417
3778,333
3773,132
3772,308
3771,228
3770,151
3768,214
3747,382
3744,284
3745,389
3737,288
3738,432
3733,193
3730,188
3731,400
3727,219
3728,156
3722,453
3723,130
3721,432
3716,189
3695,292
3696,400
3694,445
3867,400
3865,117
3863,114
3862,350
3860,266
3886,334
3888,400
3843,201
3835,432
3827,266
3808,178
3807,200
3962,256
3944,166
3938,367
3937,251
3933,237
3929,255
3926,130
3920,351
3919,179
3903,398
3900,164
3895,439
3896,179
3988,130
3970,330
3972,400
3964,126
4142,131
4141,135
4112,308
4111,189
4109,268
4110,373
4105,341
4094,210
4057,373
4050,312
4029,394
4030,167
4019,449
3998,349
3997,365
3993,432
4184,138
4182,188
4169,227
4162,115
4164,214
4160,188
4158,322
4157,266
4147,229
4145,221
4229,432
4228,227
4217,380
4210,210
4534,110
4276,340
4270,171
4268,400
4269,365
4258,262
4244,400
4253,274
4574,299
4573,164
4556,114
4647,328
4639,442
4635,389
4636,322
4626,336
4627,212
4607,150
4608,258
4610,432
4606,117
4601,166
4596,449
4595,249
4593,440
4592,315
4743,371
4738,439
4732,120
4723,272
4714,181
4705,218
4703,458
4689,453
4687,339
4683,342
4679,293
4680,332
4801,312
4802,203
4788,371
4786,228
4779,325
4761,268
4756,223
4755,334
4894,114
4891,334
4890,111
4874,181
4872,259
4870,468
4868,339
4869,217
4867,179
4859,292
4853,111
4838,460
4835,439
4919,256
4937,166
4910,312
4911,131
3581,251
3584,350
3580,208
3578,397
3555,349
3554,385
3550,336
3549,237
3534,227
3535,342
3536,366
3537,217
3528,190
3516,415
3505,350
3508,367
3220,268
2809,406
3682,229
3655,193
3650,282
3648,164
3638,336
3626,365
3625,211
3621,112
3622,325
3618,365
3616,245
3595,166
3592,221
3606,366
3797,112
3798,410
3779,266
3776,349
3777,331
3773,126
3772,218
3771,139
3770,211
3768,400
3747,287
3744,308
3745,189
3737,228
3738,336
3733,235
3730,439
3731,356
3727,268
3728,340
3722,322
3723,355
3716,312
3695,332
3696,398
3694,359
3867,432
3865,332
3863,432
3862,214
3860,330
3886,400
3888,432
3843,179
3827,322
3808,290
3807,427
3962,208
3944,449
3938,197
3937,439
3933,139
3929,179
3926,432
3920,432
3919,442
3903,164
3900,417
3895,202
3896,140
3988,180
3970,211
3972,151
3964,136
4142,112
4141,333
4112,418
4111,221
4109,432
4110,367
4105,197
4094,334
4057,297
4050,126
4029,468
4030,163
4019,292
3998,281
3997,159
4184,367
4182,251
4169,328
4164,227
4160,256
4158,194
4157,190
4147,218
4145,360
4229,420
4228,228
4217,468
4210,126
4534,322
4276,304
4270,365
4269,403
4258,380
4244,449
4253,340
4574,300
4573,345
4556,360
4647,309
4639,432
4635,208
4636,376
4627,208
4607,116
4608,246
4606,114
4601,151
4596,151
4595,235
4593,469
4592,225
4743,179
4738,373
4732,139
4723,414
4714,378
4705,330
4703,420
4689,309
4687,228
4683,322
4679,327
4680,218
4801,289
4802,323
4788,449
4786,339
4779,336
4761,336
4756,108
4755,131
4894,151
4891,400
4890,336
4874,221
4872,336
4870,289
4868,400
4869,119
4867,131
4859,449
4853,336
4838,420
4835,178
4919,299
4937,179
4910,214
4911,354
3581,324
3584,237
3580,121
3578,112
3555,378
3554,271
3549,427
3534,254
3535,260
3536,292
3537,231
3528,373
3516,449
3505,374
3508,272
2809,202
3682,224
3655,330
3650,139
3648,332
3626,350
3625,188
3621,177
3622,150
3618,121
3616,359
3595,151
3592,266
3606,265
3797,265
3798,243
3779,221
3776,334
3777,265
3773,449
3772,212
3771,386
3770,293
3768,110
3747,333
3744,305
3745,312
3737,374
3733,271
3730,218
3731,442
3727,427
3728,219
3722,319
3723,382
3716,378
3695,124
3696,312
3694,400
3865,366
3863,427
3862,122
3860,332
3886,432
3888,115
3843,432
3827,210
3808,350
3807,336
3962,189
3944,255
3938,373
3937,139
3933,392
3929,427
3926,442
3920,319
3919,432
3903,292
3900,218
3895,220
3896,209
3988,231
3970,261
3972,181
3964,312
4142,268
4141,137
4112,278
4111,203
4109,290
4110,391
4105,330
4094,398
4057,454
4050,309
4029,342
4030,205
4019,367
3998,359
3997,202
4184,223
4182,223
4169,350
4164,373
4160,445
4158,299
4157,360
4147,439
4145,151
4228,221
4217,367
4210,341
4534,205
4276,178
4270,364
4269,139
4258,342
4244,287
4253,126
4574,339
4573,334
4556,342
4647,114
4639,420
4635,210
4636,237
4627,210
4607,395
4608,167
4606,251
4601,432
4596,354
4595,189
4593,325
4592,188
4743,131
4738,227
4732,326
4723,225
4714,400
4705,179
4703,297
4689,468
4687,221
4683,302
4679,190
4680,131
4801,365
4802,316
4788,333
4786,365
4779,339
4761,154
4756,336
4755,156
4894,356
4891,110
4890,432
4874,449
4870,336
4868,193
4869,315
4867,301
4859,114
4838,264
4835,373
4919,332
4937,432
4910,203
4911,179
3581,259
3584,301
3580,136
3578,130
3555,389
3554,180
3549,437
3534,398
3535,266
3536,373
3537,189
3528,136
3516,324
3505,439
3508,377
2809,400
3682,217
3655,351
3650,394
3648,380
3626,374
3625,154
3621,313
3622,271
3618,235
3616,302
3595,252
3592,350
3606,208
3797,352
3798,349
3779,179
3776,256
3777,308
3773,122
3772,151
3771,417
3770,194
3768,178
3747,458
3744,468
3745,252
3737,151
3733,319
3730,169
3731,179
3727,336
3728,173
3722,255
3723,410
3716,126
3695,232
3696,205
3694,349
3865,432
3862,400
3860,226
3886,115
3888,140
3843,209
3827,319
3808,316
3962,365
3944,44
3938,389
3937,231
3933,468
3929,432
3926,304
3920,255
3903,417
3900,208
3895,287
3988,365
3970,217
3972,332
3964,350
4142,432
4141,189
4112,222
4111,371
4110,196
4105,151
4094,332
4057,366
4050,400
4029,392
4030,117
4019,378
3998,449
3997,334
4184,445
4182,439
4169,266
4164,341
4160,208
4158,225
4157,400
4147,432
4145,112
4228,114
4217,229
4210,252
4534,397
4276,208
4270,159
4269,270
4258,332
4244,217
4253,231
4574,292
4573,119
4556,110
4647,442
4635,126
4636,107
4627,289
4607,265
4608,265
4606,339
4596,131
4595,254
4593,211
4592,439
4743,333
4738,389
4732,138
4723,108
4714,371
4705,270
4703,199
4689,442
4687,378
4683,196
4679,219
4680,352
4801,126
4802,371
4788,111
4786,328
4779,139
4756,131
4755,229
4894,131
4891,336
4874,400
4870,309
4868,164
4869,130
4867,333
4859,112
4838,217
4835,449
4919,189
4937,420
4910,200
4911,219
3581,439
3584,427
3580,214
3578,427
3555,296
3554,251
3549,124
3534,114
3535,365
3536,271
3537,178
3528,224
3516,274
3505,418
3508,111
2809,414
3682,378
3655,202
3650,171
3648,281
3626,214
3625,410
3621,349
3622,112
3618,151
3616,407
3595,383
3592,449
3606,121
3797,315
3798,403
3779,222
3776,309
3777,208
3773,354
3772,366
3771,117
3770,410
3768,290
3747,334
3744,254
3745,336
3737,449
3733,178
3730,374
3731,336
3728,267
3722,468
3723,196
3716,151
3695,139
3696,237
3694,229
3865,210
3862,255
3860,378
3886,420
3827,287
3808,297
3962,214
3938,365
3937,235
3933,373
3929,333
3926,322
3920,304
3903,124
3900,151
3895,304
3988,195
3970,380
3972,156
3964,319
4141,443
4112,107
4111,151
4110,244
4105,420
4094,380
4057,292
4050,371
4029,180
4030,308
4019,289
3998,197
3997,423
4184,197
4182,351
4169,221
4164,139
4160,332
4158,227
4157,112
4147,332
4145,336
4228,309
4217,330
4210,432
4534,289
4276,398
4270,373
4269,207
4258,442
4574,221
4573,238
4556,209
4647,336
4635,166
4636,439
4627,300
4607,450
4608,289
4606,256
4596,432
4595,221
4593,145
4592,177
4743,290
4738,339
4732,171
4723,452
4714,112
4705,468
4703,319
4689,432
4687,449
4683,395
4679,196
4680,270
4801,371
4802,449
4786,309
4779,130
4756,339
4755,223
4894,336
4874,179
4870,297
4868,365
4869,221
4867,336
4859,442
4838,111
4835,287
4919,365
4910,131
4911,111
3581,355
3584,404
3580,218
3578,404
3555,287
3554,439
3549,266
3534,331
3535,374
3536,293
3537,278
3528,115
3516,403
3505,137
3508,228
2809,219
3682,312
3655,164
3650,364
3648,349
3626,309
3625,329
3621,439
3622,177
3618,458
3616,151
3595,315
3592,179
3606,112
3797,304
3798,190
3779,417
3776,287
3777,366
3773,131
3772,305
3771,188
3770,195
3768,271
3747,260
3744,359
3737,432
3733,199
3730,189
3728,226
3722,130
3723,189
3716,449
3695,432
3696,229
3694,341
3865,237
3862,432
3860,210
3827,432
3808,400
3962,126
3938,400
3937,417
3933,193
3926,210
3920,322
3903,274
3900,266
3895,332
3988,366
3970,349
3972,302
3964,330
4141,268
4112,231
4111,179
4110,210
4105,366
4094,443
4057,210
4050,114
4029,164
4030,398
4019,400
3998,293
3997,296
4184,439
4182,210
4169,449
4164,397
4160,210
4158,212
4157,268
4147,107
4145,268
4228,167
4217,351
4210,259
4534,150
4276,334
4270,297
4269,297
4258,296
4574,126
4573,445
4556,154
4635,334
4636,227
4627,292
4607,339
4608,350
4606,189
4595,138
4593,305
4592,460
4738,312
4732,210
4723,378
4714,167
4705,274
4703,366
4689,258
4687,309
4683,443
4679,345
4680,140
4801,449
4802,290
4786,166
4779,297
4756,439
4755,427
4874,131
4870,316
4868,131
4869,293
4859,131
4838,265
4835,315
4919,378
4910,432
4911,432
3581,271
3584,260
3580,195
3578,318
3555,350
3554,449
3549,468
3534,288
3535,454
3536,200
3537,403
3528,204
3516,223
3505,250
3508,413
2809,359
3682,179
3655,110
3650,188
3648,410
3626,201
3625,219
3621,208
3622,227
3618,251
3616,139
3595,387
3592,290
3606,136
3797,233
3798,218
3779,246
3776,350
3777,468
3773,268
3772,356
3771,304
3770,122
3768,300
3747,462
3744,225
3733,202
3730,314
3728,270
3722,188
3723,387
3716,354
3695,322
3696,274
3694,260
3865,267
3862,333
3860,217
3827,292
3808,417
3962,374
3938,203
3937,218
3933,366
3926,458
3920,296
3903,208
3900,255
3895,395
3988,139
3970,340
3972,256
3964,211
4141,225
4112,306
4111,200
4110,306
4105,324
4094,197
4057,331
4050,442
4029,373
4030,292
4019,229
3998,292
3997,189
4184,274
4182,228
4169,309
4164,120
4160,312
4158,228
4157,432
4147,417
4145,432
4228,200
4217,119
4534,340
4276,380
4270,120
4269,445
4258,439
4574,203
4573,398
4635,179
4636,208
4627,126
4607,338
4608,256
4606,254
4595,217
4593,189
4592,224
4738,288
4732,199
4723,258
4714,303
4705,420
4703,460
4689,414
4687,190
4683,437
4679,330
4680,254
4801,166
4802,115
4786,131
4779,440
4756,288
4755,167
4874,111
4870,400
4868,432
4869,237
4859,268
4838,316
4835,293
4919,350
4910,427
4911,336
3581,328
3584,396
3580,122
3578,194
3555,377
3554,453
3549,355
3534,120
3535,130
3536,367
3537,210
3528,208
3516,330
3505,256
3508,323
2809,224
3682,287
3655,332
3650,365
3648,437
3626,427
3625,380
3621,175
3622,400
3618,188
3616,377
3595,232
3606,371
3797,130
3798,417
3779,167
3776,205
3777,217
3772,225
3771,308
3770,395
3768,322
3747,188
3744,139
3733,350
3730,154
3728,365
3722,195
3723,308
3716,112
3695,312
3696,151
3694,209
3865,136
3860,110
3827,110
3808,199
3962,378
3938,255
3937,284
3933,210
3926,177
3920,290
3903,333
3900,232
3895,432
3988,309
3970,400
3972,287
3964,227
4141,297
4112,171
4111,427
4110,171
4105,179
4094,374
4057,340
4050,336
4029,186
4030,314
4019,178
3998,331
3997,107
4184,351
4182,189
4169,114
4164,304
4160,289
4158,278
4157,224
4147,328
4145,110
4228,356
4217,389
4534,449
4276,309
4270,350
4269,274
4258,196
4574,356
4573,139
4635,427
4636,398
4627,309
4607,192
4608,332
4606,221
4593,179
4592,400
4738,210
4732,136
4723,218
4714,268
4705,178
4703,350
4689,389
4687,112
4683,197
4679,289
4680,365
4801,200
4802,420
4786,167
4779,356
4756,460
4755,300
4874,432
4870,296
4868,315
4869,178
4838,151
4835,400
4919,328
4911,333
3581,180
3584,254
3580,235
3578,323
3555,110
3554,315
3549,139
3534,377
3535,366
3536,400
3537,255
3528,179
3516,258
3505,331
3508,432
2809,330
3682,218
3655,282
3650,197
3648,302
3625,407
3621,173
3622,439
3618,164
3616,334
3595,443
3606,315
3797,297
3798,354
3779,193
3776,255
3777,305
3772,350
3771,212
3770,325
3768,387
3747,212
3744,304
3733,164
3730,254
3728,401
3722,410
3723,268
3695,189
3696,267
3694,274
3865,178
3860,468
3827,468
3808,380
3962,271
3938,201
3937,256
3933,339
3926,332
3920,138
3903,439
3900,376
3895,115
3988,205
3970,256
3972,175
3964,217
4141,278
4112,319
4111,336
4110,452
4105,454
4094,349
4057,255
4029,351
4030,140
4019,231
3998,400
3997,207
4184,389
4182,314
4169,179
4164,289
4160,328
4158,300
4147,336
4228,301
4217,208
4534,178
4276,432
4270,221
4269,340
4258,403
4574,112
4573,304
4635,336
4636,312
4627,334
4607,111
4608,139
4606,449
4593,290
4592,432
4738,365
4732,202
4723,195
4714,432
4705,297
4703,171
4689,392
4687,179
4683,202
4679,342
4680,308
4801,219
4786,112
4779,420
4756,417
4755,193
4870,202
4868,332
4869,292
4838,386
4835,444
4919,221
3581,208
3584,251
3580,227
3578,468
3555,224
3554,365
3549,371
3534,394
3535,164
3536,396
3537,290
3528,287
3516,225
3505,378
3508,353
2809,268
3682,354
3655,309
3650,395
3648,359
3621,432
3622,217
3618,136
3616,164
3595,368
3606,449
3797,367
3798,338
3779,336
3776,228
3777,171
3772,139
3771,208
3770,267
3768,339
3747,439
3744,307
3733,373
3730,339
3728,409
3722,223
3723,287
3695,371
3696,166
3694,119
3865,469
3860,270
3827,445
3808,354
3962,309
3938,427
3937,271
3933,332
3926,349
3920,376
3903,178
3900,217
3895,271
3988,339
3970,296
3972,296
3964,380
4141,252
4112,323
4111,268
4110,342
4105,336
4094,270
4057,220
4029,220
4030,108
4019,410
3998,229
3997,126
4184,227
4182,374
4169,432
4164,395
4160,374
4158,378
4147,445
4228,427
4217,210
4534,404
4276,366
4270,274
4269,126
4258,171
4574,111
4573,439
4635,432
4636,210
4627,301
4607,258
4608,233
4606,252
4593,378
4592,365
4738,221
4732,386
4723,352
4714,290
4705,199
4703,131
4689,135
4687,336
4683,288
4679,214
4680,316
4801,111
4786,356
4779,412
4756,427
4755,366
4870,193
4868,293
4869,420
4838,332
4835,418
4919,341
3581,189
3584,323
3580,410
3578,398
3555,199
3554,233
3534,233
3535,322
3536,377
3537,355
3528,255
3516,304
3505,144
3508,359
2809,374
3682,449
3655,394
3650,120
3648,139
3621,366
3622,387
3618,328
3616,271
3595,178
3606,181
3797,164
3798,254
3779,249
3776,323
3777,313
3772,403
3771,366
3770,409
3768,126
3747,392
3733,282
3730,333
3728,180
3722,189
3723,350
3695,458
3696,417
3694,139
3865,218
3860,120
3827,171
3808,468
3962,114
3938,432
3937,203
3933,349
3926,200
3920,203
3903,199
3895,150
3988,243
3970,252
3972,189
3964,359
4141,117
4112,289
4111,432
4110,323
4105,181
4094,167
4057,319
4029,322
4030,119
4019,371
3998,324
3997,312
4184,332
4182,378
4169,140
4164,394
4160,378
4158,350
4147,309
4228,268
4217,339
4534,106
4276,256
4270,194
4269,400
4258,322
4574,342
4573,366
4636,289
4627,112
4607,246
4608,398
4606,340
4593,138
4592,307
4738,181
4732,131
4723,217
4714,115
4705,180
4703,188
4689,178
4683,366
4679,223
4680,173
4801,110
4786,333
4779,307
4756,341
4755,415
4870,164
4868,178
4869,208
4838,400
4835,432
4919,203
3581,193
3584,468
3580,255
3578,437
3555,288
3554,373
3534,365
3535,386
3536,208
3537,219
3528,432
3516,182
3505,328
3508,321
2809,167
3682,151
3655,130
3650,121
3648,312
3621,284
3622,175
3618,325
3616,112
3595,380
3606,193
3797,115
3798,256
3779,262
3776,107
3777,156
3772,235
3771,354
3768,309
3747,112
3733,432
3730,255
3728,307
3722,323
3723,252
3695,469
3696,316
3694,412
3865,196
3860,304
3827,420
3808,392
3962,151
3938,336
3937,227
3933,325
3926,166
3920,214
3903,322
3895,365
3988,414
3970,189
3972,413
3964,340
4141,313
4112,299
4110,199
4105,309
4094,454
4057,326
4029,111
4019,413
3998,350
3997,167
4184,228
4182,266
4164,468
4160,266
4158,114
4147,178
4228,333
4217,228
4534,290
4276,351
4270,400
4269,186
4258,203
4574,290
4573,178
4636,300
4627,131
4607,227
4608,365
4606,349
4593,217
4592,268
4738,126
4732,449
4723,383
4705,227
4703,307
4689,333
4683,398
4679,394
4680,297
4801,123
4786,336
4779,178
4756,272
4755,178
4870,194
4868,292
4869,351
4838,345
4835,259
4919,400
3581,443
3584,259
3578,287
3555,136
3554,432
3534,274
3535,203
3536,204
3528,111
3516,212
3505,276
3508,315
2809,290
3682,331
3655,173
3650,151
3648,334
3621,237
3622,282
3618,150
3616,449
3595,322
3606,360
3797,123
3798,267
3779,398
3776,439
3777,293
3772,389
3771,225
3768,306
3747,371
3733,342
3728,360
3722,110
3723,229
3695,449
3696,231
3694,208
3865,374
3860,194
3827,271
3808,114
3962,255
3937,420
3933,200
3926,383
3920,136
3903,432
3895,412
3988,351
3970,413
3972,327
3964,207
4141,296
4112,345
4110,289
4105,319
4094,217
4057,108
4019,336
3998,309
3997,270
4184,374
4182,449
4164,445
4160,252
4158,151
4147,233
4228,420
4217,360
4534,208
4276,332
4270,389
4269,256
4258,441
4573,440
4636,266
4627,427
4607,440
4608,179
4592,308
4738,334
4732,354
4723,371
4705,377
4703,320
4689,299
4683,218
4679,228
4680,164
4801,115
4786,420
4779,341
4756,114
4755,190
4870,131
4868,420
4869,189
4838,200
4835,227
4919,151
3581,341
3584,328
3578,272
3555,406
3554,156
3534,374
3535,112
3536,179
3528,336
3516,326
3505,260
3508,303
2809,251
3682,334
3655,380
3650,167
3648,389
3622,173
3618,271
3616,106
3595,170
3606,443
3797,350
3798,303
3779,271
3776,154
3777,115
3771,214
3768,228
3747,189
3733,328
3728,150
3722,354
3723,397
3695,445
3696,233
3694,233
3865,139
3860,350
3827,392
3808,469
3962,301
3937,400
3933,414
3926,235
3920,217
3903,256
3895,175
3988,374
3970,336
3972,336
3964,400
4141,365
4112,164
4110,292
4105,432
4094,288
4057,225
3998,439
3997,401
4184,378
4182,316
4164,297
4160,309
4158,442
4147,124
4217,114
4534,207
4276,175
4270,420
4269,287
4258,293
4573,256
4636,341
4607,114
4608,334
4592,445
4738,151
4732,178
4723,365
4705,316
4703,256
4689,316
4683,442
4679,395
4680,208
4801,420
4779,418
4756,126
4755,307
4870,432
4868,117
4869,266
4838,439
4835,365
4919,334
3584,204
3578,417
3555,440
3554,397
3534,305
3535,400
3536,143
3528,439
3505,351
3508,220
2809,274
3682,237
3655,401
3650,287
3648,355
3622,432
3618,256
3616,432
3595,392
3606,304
3797,322
3798,439
3779,268
3776,299
3777,350
3771,389
3768,255
3747,378
3733,251
3728,210
3722,308
3723,297
3695,400
3696,439
3694,439
3865,225
3860,255
3827,229
3808,208
3962,432
3937,336
3933,331
3926,307
3920,400
3903,197
3895,400
3988,412
3970,260
3972,439
3964,420
4141,159
4112,439
4110,107
4105,301
4094,417
4057,322
3998,196
3997,186
4184,350
4182,400
4164,322
4160,316
4158,303
4147,374
4217,309
4534,151
4276,193
4270,449
4269,217
4258,130
4573,296
4636,126
4607,251
4608,469
4592,420
4738,371
4732,423
4723,340
4705,229
4703,439
4689,164
4683,233
4679,332
4680,315
4779,439
4756,274
4755,256
4870,365
4868,208
4869,197
4838,192
4835,442
4919,309
3584,208
3578,328
3555,322
3554,383
3534,366
3535,136
3536,360
3528,304
3505,231
3508,305
2809,197
3682,376
3655,140
3650,313
3648,222
3622,315
3618,255
3616,439
3595,324
3606,178
3797,378
3798,227
3779,212
3776,207
3777,224
3771,267
3768,226
3747,341
3733,126
3728,366
3722,268
3723,250
3695,193
3696,386
3694,200
3865,258
3860,235
3827,308
3808,395
3962,420
3937,324
3933,235
3926,328
3895,156
3988,392
3970,439
3972,290
3964,151
4141,371
4112,403
4110,284
4105,233
4094,437
4057,400
3998,410
3997,319
4184,214
4182,151
4164,186
4160,400
4158,301
4147,114
4217,151
4534,356
4276,268
4270,151
4269,316
4258,119
4573,196
4636,328
4607,333
4608,414
4592,131
4738,354
4732,304
4723,299
4705,366
4703,287
4689,388
4683,309
4679,218
4680,244
4779,193
4756,112
4755,367
4870,332
4868,126
4869,111
4838,373
4835,386
4919,252
3584,225
3578,219
3555,164
3554,301
3534,292
3535,232
3536,443
3528,235
3505,440
3508,304
2809,199
3682,193
3655,445
3650,212
3622,303
3618,106
3616,350
3595,336
3606,122
3797,410
3779,314
3776,417
3777,119
3768,120
3747,179
3733,151
3728,371
3722,350
3723,266
3695,398
3696,284
3694,136
3865,439
3860,410
3827,304
3808,219
3962,209
3933,389
3926,323
3895,293
3988,233
3970,130
3972,324
3964,181
4141,199
4112,218
4110,439
4105,107
4094,364
3998,342
3997,349
4184,334
4182,301
4164,324
4160,114
4158,342
4147,403
4217,112
4534,223
4276,354
4270,316
4269,199
4258,432
4573,175
4636,350
4607,449
4608,351
4592,371
4738,131
4732,312
4723,114
4705,460
4703,309
4689,112
4683,116
4679,252
4680,287
4779,289
4756,449
4755,225
4870,130
4868,290
4869,139
4838,337
4835,349
4919,131
3584,256
3578,351
3555,167
3554,124
3534,164
3535,396
3536,202
3528,316
3505,142
3508,145
2809,355
3682,171
3655,188
3650,231
3622,312
3618,313
3616,282
3595,342
3606,336
3797,373
3779,223
3776,359
3777,304
3768,304
3747,400
3733,345
3728,193
3722,229
3723,340
3695,349
3696,351
3694,313
3865,468
3860,403
3827,191
3808,204
3933,252
3926,256
3895,338
3988,136
3970,288
3972,366
3964,302
4141,237
4112,302
4110,374
4105,349
4094,431
3998,447
3997,278
4184,309
4182,268
4164,334
4160,294
4158,336
4147,297
4217,200
4534,339
4276,186
4270,218
4269,188
4258,159
4573,159
4636,334
4607,256
4608,177
4592,417
4738,333
4732,398
4723,151
4705,322
4689,460
4683,334
4679,262
4680,126
4779,300
4756,289
4755,398
4870,377
4868,107
4869,192
4838,449
4919,200
3584,252
3578,204
3555,423
3554,220
3534,373
3535,196
3536,296
3528,282
3505,437
3508,217
2809,392
3682,392
3655,365
3650,205
3622,255
3618,400
3616,226
3595,226
3606,380
3797,418
3779,394
3776,331
3777,373
3768,380
3747,220
3733,355
3728,235
3722,114
3723,437
3695,120
3696,177
3694,327
3865,188
3860,136
3827,159
3808,319
3933,307
3926,255
3895,261
3988,203
3970,180
3972,139
3964,296
4141,114
4112,359
4110,197
4105,268
4094,315
3998,136
3997,406
4184,400
4182,140
4164,338
4160,432
4158,432
4147,312
4217,301
4534,398
4276,323
4270,188
4269,178
4258,373
4573,114
4636,301
4607,300
4608,417
4592,322
4732,367
4723,107
4705,107
4689,265
4683,203
4679,179
4680,439
4779,256
4756,287
4755,468
4870,293
4868,218
4869,442
4838,287
4919,336
3584,342
3578,342
3555,304
3554,140
3534,200
3535,445
3536,439
3528,217
3505,288
3508,214
2809,319
3682,332
3655,124
3650,417
3622,355
3618,333
3616,315
3595,268
3606,195
3797,349
3779,395
3776,117
3777,349
3768,268
3747,121
3733,120
3728,319
3722,108
3723,219
3695,383
3696,130
3694,308
3865,414
3860,179
3827,288
3808,256
3933,247
3926,427
3895,452
3988,403
3970,366
3972,205
3964,111
4141,128
4112,349
4110,291
4105,365
4094,218
3998,452
3997,150
4184,301
4164,207
4160,420
4147,136
4217,171
4534,452
4276,420
4270,178
4269,110
4258,469
4573,288
4636,356
4607,297
4608,394
4592,287
4732,373
4723,437
4705,288
4689,324
4683,365
4679,412
4680,200
4779,219
4756,322
4755,221
4870,188
4868,266
4869,199
4838,315
4919,427
3584,371
3578,208
3555,150
3554,221
3534,367
3535,287
3536,412
3528,222
3505,255
3508,175
2809,138
3682,205
3655,197
3650,290
3622,403
3618,439
3616,229
3595,301
3606,138
3797,139
3779,291
3776,226
3777,126
3768,218
3747,315
3733,138
3728,178
3722,143
3723,267
3695,288
3696,223
3694,268
3865,260
3860,352
3827,309
3808,130
3933,124
3926,196
3895,403
3988,202
3970,309
3972,339
3964,327
4141,453
4112,398
4110,386
4105,116
4094,255
3998,140
3997,359
4184,294
4164,296
4147,316
4217,336
4534,386
4270,423
4269,228
4258,139
4607,145
4608,218
4592,327
4732,395
4723,328
4705,406
4689,115
4683,210
4679,260
4680,111
4779,352
4756,366
4755,204
4870,178
4868,349
4869,181
4838,452
4919,111
3584,387
3578,115
3555,186
3554,323
3534,400
3535,255
3536,235
3528,378
3505,407
3508,320
2809,120
3682,167
3655,304
3650,308
3618,208
3616,267
3595,410
3606,407
3797,359
3779,352
3776,336
3777,108
3768,385
3747,247
3733,332
3728,199
3722,397
3723,226
3695,210
3696,441
3694,150
3865,207
3860,351
3827,366
3808,445
3933,107
3926,219
3895,460
3988,468
3970,205
3972,385
3964,439
4141,205
4112,330
4110,151
4105,322
4094,232
3998,315
3997,237
4184,432
4164,330
4147,159
4217,268
4534,227
4270,309
4258,452
4607,367
4608,330
4592,221
4732,124
4723,126
4705,131
4689,304
4683,138
4679,352
4680,373
4779,229
4756,364
4755,394
4870,221
4868,210
4869,112
4838,177
3584,443
3578,182
3555,139
3554,324
3534,136
3535,296
3536,193
3528,178
3505,302
3508,108
2809,191
3682,306
3655,281
3650,142
3618,221
3595,246
3606,392
3797,403
3779,297
3776,383
3777,195
3768,223
3747,449
3733,403
3728,202
3722,265
3723,270
3695,229
3696,164
3694,222
3865,189
3860,288
3827,193
3808,229
3933,319
3926,355
3895,136
3988,305
3970,403
3972,191
3964,339
4141,389
4112,309
4110,330
4105,287
4094,432
3998,322
3997,449
4164,439
4147,330
4217,432
4534,297
4258,270
4607,309
4592,120
4732,356
4723,274
4705,112
4689,252
4683,313
4679,366
4680,350
4779,313
4756,208
4755,345
4870,292
4868,439
4869,268
4838,117
3584,330
3578,301
3555,386
3554,287
3534,359
3535,360
3536,261
3528,319
3505,322
3508,402
2809,334
3682,417
3655,256
3650,182
3618,373
3595,374
3606,235
3797,235
3779,332
3776,304
3777,178
3768,237
3747,255
3733,139
3728,164
3722,112
3723,365
3695,167
3696,352
3694,320
3865,330
3860,431
3827,323
3808,308
3933,432
3926,173
3895,207
3988,312
3970,389
3972,356
3964,392
4141,334
4112,332
4110,420
4105,200
4094,326
3997,366
4164,252
4147,365
4217,420
4534,266
4258,237
4607,442
4592,274
4732,226
4723,334
4705,171
4689,307
4683,297
4679,312
4680,304
4779,266
4756,405
4755,378
4870,237
4868,306
4869,250
4838,237
3584,194
3578,232
3555,391
3554,376
3534,396
3535,443
3536,231
3528,342
3505,272
3508,299
2809,244
3682,439
3655,139
3650,315
3618,259
3595,355
3606,389
3797,323
3779,181
3776,398
3777,400
3768,442
3747,190
3733,191
3728,171
3722,274
3723,378
3695,274
3696,307
3694,374
3865,274
3860,126
3827,439
3808,338
3933,328
3926,400
3895,468
3988,389
3970,315
3972,442
3964,385
4141,121
4112,180
4110,270
4105,442
4094,359
3997,293
4164,447
4147,302
4534,238
4258,278
4607,221
4592,228
4732,193
4723,192
4705,117
4689,420
4683,308
4679,398
4680,120
4779,386
4756,256
4755,333
4870,420
4868,112
4869,389
4838,309
3584,322
3578,413
3555,316
3554,139
3534,452
3535,432
3536,228
3528,449
3505,377
3508,389
2809,252
3682,284
3655,403
3650,374
3618,326
3595,222
3606,458
3797,178
3779,410
3776,121
3777,342
3768,183
3747,150
3733,228
3728,427
3722,227
3723,376
3695,319
3696,235
3694,106
3865,308
3860,189
3827,207
3808,288
3933,148
3895,404
3988,338
3970,445
3972,112
3964,191
4141,304
4112,151
4110,189
4105,400
4094,107
3997,292
4164,309
4147,397
4534,349
4258,302
4607,189
4592,319
4732,302
4723,125
4705,268
4689,256
4683,124
4679,270
4680,217
4779,199
4756,178
4755,228
4870,117
4868,350
4869,205
4838,179
3584,238
3578,171
3555,205
3554,204
3534,220
3535,202
3536,349
3528,326
3505,166
3508,197
2809,179
3682,136
3655,121
3650,371
3618,432
3606,306
3797,205
3779,341
3776,427
3777,395
3733,252
3728,432
3722,266
3723,409
3695,151
3696,126
3865,417
3860,130
3827,333
3808,193
3933,323
3895,246
3988,367
3970,417
3972,274
3964,445
4112,189
4110,366
4105,228
4094,268
3997,331
4164,287
4147,378
4534,366
4258,297
4607,223
4592,410
4732,374
4723,394
4705,256
4689,260
4683,414
4679,322
4779,114
4756,365
4755,338
4870,452
4868,156
4869,417
4838,126
3584,400
3578,322
3555,412
3554,223
3534,204
3535,336
3536,447
3528,142
3505,178
3508,255
2809,360
3682,255
3655,252
3650,229
3618,231
3606,254
3797,400
3779,337
3776,218
3777,116
3733,287
3728,395
3722,232
3723,180
3695,267
3696,138
3865,346
3860,212
3827,237
3808,267
3933,271
3895,126
3988,191
3970,112
3972,117
3964,442
4112,336
4110,268
4094,365
3997,110
4164,315
4147,200
4534,199
4258,221
4607,231
4592,164
4732,135
4723,179
4705,233
4689,226
4683,125
4679,203
4779,345
4756,309
4755,200
4870,380
4868,150
4869,395
4838,288
3584,196
3578,406
3555,417
3554,120
3534,179
3535,439
3536,287
3528,221
3505,116
3508,355
2809,229
3682,356
3655,326
3650,378
3618,329
3606,255
3797,417
3779,289
3776,186
3777,284
3733,452
3728,126
3722,403
3723,214
3695,306
3865,445
3860,293
3827,164
3808,323
3933,126
3895,171
3988,315
3970,274
3972,178
3964,218
4112,268
4110,139
4094,287
3997,400
4164,218
4147,210
4534,126
4258,274
4607,350
4592,339
4732,289
4723,287
4705,189
4689,221
4683,131
4679,140
4779,469
4756,367
4870,126
4868,288
4869,322
4838,197
3578,400
3555,418
3554,182
3534,287
3535,304
3536,178
3528,290
3505,382
2809,401
3682,403
3655,469
3650,223
3618,290
3606,268
3797,274
3779,178
3776,231
3777,409
3733,260
3728,151
3722,179
3723,233
3695,345
3865,334
3860,252
3827,284
3808,439
3933,219
3895,417
3988,293
3970,178
3972,200
3964,449
4112,139
4110,227
4094,449
3997,403
4164,124
4147,452
4534,332
4258,340
4607,398
4592,111
4732,394
4723,199
4705,136
4689,131
4683,351
4679,365
4779,124
4756,207
4870,351
4868,205
4869,299
4838,194
3578,414
3555,394
3554,371
3534,272
3535,350
3536,126
3528,460
3505,111
2809,442
3682,150
3655,151
3650,228
3618,264
3606,247
3797,306
3779,218
3776,354
3777,180
3733,231
3728,288
3722,437
3723,178
3695,140
3865,179
3860,432
3827,218
3808,225
3933,136
3895,299
3988,330
3970,304
3972,270
3964,117
4112,227
4110,316
4094,200
3997,427
4164,332
4147,398
4534,296
4258,383
4607,365
4592,402
4732,208
4723,178
4705,439
4689,339
4683,332
4679,177
4779,111
4756,130
4870,449
4868,417
4869,191
4838,107
3555,328
3554,135
3534,247
3535,193
3536,304
3528,219
3505,167
2809,351
3682,222
3655,432
3650,204
3618,229
3606,326
3797,136
3779,250
3776,360
3733,423
3728,324
3722,226
3723,164
3695,412
3865,293
3860,193
3827,349
3808,333
3933,297
3895,208
3988,417
3970,354
3972,190
3964,220
4112,297
4110,336
4094,354
3997,439
4164,140
4147,367
4534,439
4258,312
4607,179
4592,385
4732,319
4723,418
4705,126
4689,192
4683,126
4679,193
4779,150
4756,398
4870,386
4868,203
4838,178
3555,336
3534,307
3535,282
3536,205
3528,334
3505,228
2809,309
3682,413
3655,418
3650,449
3618,453
3606,355
3797,351
3779,342
3776,151
3733,188
3728,138
3722,142
3723,373
3695,208
3865,323
3860,221
3827,331
3808,312
3933,227
3895,114
3988,307
3970,289
3972,354
3964,178
4112,316
4110,260
3997,332
4164,193
4147,373
4534,249
4258,210
4607,334
4592,136
4732,232
4723,326
4705,287
4689,328
4683,315
4679,403
4779,327
4756,468
4870,107
4868,322
4838,208
3555,403
3534,350
3535,217
3536,237
3505,413
2809,194
3682,426
3655,262
3650,255
3618,355
3797,449
3779,251
3776,223
3733,207
3728,332
3722,365
3723,342
3695,316
3865,171
3860,460
3827,409
3808,320
3933,207
3895,134
3988,218
3970,339
3972,432
3964,270
4112,304
4110,403
3997,178
4164,293
4147,386
4534,164
4258,126
4607,364
4592,110
4723,403
4705,210
4689,180
4683,258
4679,316
4779,333
4756,156
4870,218
4868,319
4838,405
3555,191
3534,309
3535,329
3536,297
3505,193
2809,292
3655,287
3650,334
3797,227
3779,219
3776,237
3733,439
3728,139
3722,401
3723,288
3695,231
3865,204
3860,107
3827,232
3808,336
3933,400
3895,199
3988,112
3970,225
3972,289
3964,432
4112,232
4110,117
3997,287
4164,189
4147,334
4534,196
4258,400
4607,414
4592,195
4723,254
4705,351
4689,111
4683,229
4679,319
4756,297
4870,210
4868,200
4838,394
3555,210
3534,360
3535,182
3536,300
3505,359
2809,226
3655,349
3650,293
3797,395
3779,254
3776,124
3733,107
3728,222
3722,376
3723,151
3695,233
3865,441
3860,340
3827,226
3808,112
3933,181
3895,228
3988,167
3970,316
3972,376
3964,316
4112,252
4110,237
3997,410
4164,367
4147,287
4534,403
4258,231
4607,439
4592,167
4723,333
4705,111
4683,178
4679,207
4756,221
4870,111
4868,120
4838,445
3555,175
3534,443
3535,231
3536,150
3505,380
2809,413
3655,410
3650,359
3797,458
3779,325
3776,208
3733,336
3728,303
3722,171
3723,345
3695,367
3865,289
3860,148
3827,112
3808,255
3988,274
3970,323
3972,338
3964,264
4112,167
4110,114
3997,417
4164,178
4147,195
4534,171
4258,389
4607,353
4592,415
4723,227
4705,309
4683,439
4679,296
4756,224
4870,139
4868,373
4838,210
3555,226
3534,432
3535,452
3536,112
3505,190
2809,300
3655,437
3650,452
3797,325
3779,264
3776,366
3733,112
3728,232
3722,297
3723,403
3695,439
3865,190
3860,394
3827,217
3808,340
3988,220
3970,334
3972,316
3964,342
4112,136
4110,205
3997,130
4164,208
4147,301
4534,345
4258,420
4607,404
4592,453
4723,171
4683,349
4679,351
4756,199
4870,251
4838,188
3555,237
3534,284
3535,228
3536,266
3505,344
2809,164
3655,246
3650,389
3797,210
3779,267
3776,468
3733,167
3728,228
3722,366
3723,332
3695,207
3865,193
3860,383
3827,410
3988,178
3970,145
3972,323
3964,164
4112,296
4110,349
3997,124
4164,217
4147,164
4534,175
4258,449
4607,306
4592,326
4723,180
4683,265
4679,164
4756,352
4870,199
4838,297
3555,218
3534,451
3535,238
3536,145
3505,207
2809,193
3655,231
3650,136
3797,319
3779,320
3776,418
3733,374
3728,349
3722,271
3723,222
3695,380
3865,458
3860,229
3827,340
3988,200
3970,231
3972,277
3964,214
4112,371
4110,225
3997,164
4164,316
4147,268
4534,420
4258,287
4607,355
4592,117
4723,177
4683,115
4679,208
4756,359
4870,412
4838,218
3555,297
3534,202
3535,199
3536,139
3505,254
2809,214
3655,195
3650,195
3797,439
3779,180
3776,294
3733,460
3728,252
3722,178
3723,228
3695,389
3865,349
3860,200
3827,400
3988,304
3970,396
3972,208
4112,402
4110,164
3997,373
4164,256
4147,293
4534,228
4258,277
4607,173
4592,166
4723,124
4683,312
4679,315
4756,394
4870,171
4838,226
3555,392
3534,322
3535,378
3536,301
3505,296
2809,130
3655,322
3797,207
3776,264
3733,445
3728,458
3722,199
3723,458
3695,244
3865,181
3860,306
3827,267
3988,266
3970,196
3972,299
4112,237
4110,427
3997,308
4164,400
4147,400
4534,193
4258,328
4607,110
4592,449
4723,167
4683,235
4679,229
4756,378
4870,301
4838,301
3555,246
3534,140
3535,208
3536,226
3505,226
2809,112
3655,207
3797,254
3776,301
3733,413
3728,334
3722,202
3723,231
3695,190
3865,191
3860,164
3827,178
3988,270
3970,208
3972,301
4112,453
4110,119
3997,214
4164,228
4147,205
4534,221
4258,394
4592,266
4723,380
4683,432
4679,439
4756,338
4870,207
4838,468
3555,251
3534,316
3535,178
3536,196
3505,304
2809,227
3655,324
3797,420
3776,342
3733,124
3728,452
3722,164
3723,207
3695,284
3865,246
3860,452
3827,469
3988,386
3970,299
3972,264
4112,288
4110,294
3997,284
4164,231
4258,199
4592,332
4723,316
4683,373
4679,349
4756,228
4870,288
4838,250
3555,360
3534,193
3535,138
3505,442
2809,398
3655,386
3797,409
3776,233
3733,194
3728,439
3722,373
3723,336
3695,351
3865,371
3860,233
3827,126
3988,190
3970,151
3972,255
4112,382
4110,350
3997,316
4164,250
4258,352
4592,178
4723,164
4683,296
4679,178
4756,111
4870,250
4838,252
3555,341
3534,282
3535,312
3505,217
2809,387
3655,191
3797,232
3776,377
3733,223
3728,218
3722,342
3723,124
3695,278
3865,256
3860,442
3827,214
3988,354
3970,143
4112,300
4110,179
3997,136
4164,205
4258,218
4592,171
4723,229
4683,231
4679,126
4756,150
4870,226
4838,427
3555,331
3534,196
3535,407
3505,205
2809,326
3655,328
3797,270
3776,272
3733,308
3728,380
3722,328
3723,181
3695,191
3865,126
3860,322
3827,395
3988,297
3970,301
4112,350
4110,322
3997,315
4164,364
4258,180
4592,223
4723,181
4683,367
4679,309
4756,200
4870,320
4838,214
3555,252
3534,229
3535,320
3505,449
2809,208
3655,417
3797,126
3776,283
3733,289
3728,169
3722,151
3723,312
3695,255
3860,365
3827,359
3988,171
3970,210
4112,432
4110,218
3997,203
4164,374
4258,188
4592,306
4723,112
4683,120
4679,440
4756,327
4870,224
4838,150
3555,383
3534,182
3535,319
3505,349
2809,445
3655,302
3776,293
3733,266
3728,412
3722,332
3723,289
3695,368
3860,400
3827,181
3988,199
3970,142
4112,179
4110,202
3997,326
4164,351
4258,178
4592,437
4723,150
4683,223
4679,287
4756,349
4870,211
4838,159
3555,439
3534,308
3535,356
3505,186
2809,404
3655,166
3776,367
3733,130
3728,189
3722,287
3723,400
3695,290
3860,338
3827,261
3988,432
3970,229
4112,188
4110,442
3997,299
4164,203
4258,179
4592,210
4723,270
4683,256
4679,205
4756,319
4870,167
4838,227
3555,278
3534,116
3535,222
3505,309
2809,163
3655,106
3776,115
3733,186
3728,124
3722,267
3695,410
3860,287
3827,397
3988,289
3970,228
4112,334
4110,389
3997,121
4164,389
4258,423
4592,208
4723,131
4683,139
4679,200
4870,203
4838,365
3555,179
3534,349
3535,326
3505,324
2809,188
3655,177
3776,397
3733,400
3728,312
3722,452
3695,196
3860,366
3988,210
3970,126
4112,301
4110,338
4258,214
4592,289
4723,449
4683,328
4679,254
4870,313
4838,167
3555,255
3534,258
3535,289
3505,323
2809,423
3655,290
3776,181
3733,301
3728,396
3722,207
3695,325
3860,237
3988,227
3970,371
4112,400
4110,287
4592,290
4723,268
4683,192
4679,468
4870,366
4838,219
3555,315
3534,199
3535,437
3505,243
2809,173
3655,385
3776,410
3733,247
3728,400
3722,218
3695,300
3860,267
3988,108
3970,266
4112,203
4110,200
4592,292
4723,307
4683,287
4679,235
4870,322
4838,262
3555,365
3534,329
3535,124
3505,287
2809,222
3655,308
3776,373
3733,322
3728,414
3722,380
3695,387
3860,178
3988,356
4110,217
4592,140
4723,460
4679,307
4870,312
4838,417
3555,367
3534,208
3535,225
3505,315
2809,366
3655,227
3776,341
3733,449
3728,244
3722,167
3695,110
3860,420
3988,260
4110,304
4592,346
4723,291
4679,373
4870,395
3555,373
3534,178
3535,290
3505,134
2809,378
3655,142
3776,139
3733,349
3728,442
3722,196
3695,308
3860,196
3988,114
4110,400
4592,301
4723,297
4679,191
4870,300
3555,292
3534,139
3535,323
3505,150
2809,449
3655,143
3776,235
3733,395
3728,278
3722,340
3695,296
3860,386
3988,323
4592,219
4723,445
4679,297
4870,200
3555,326
3534,186
3535,303
3505,451
2809,231
3655,392
3776,289
3733,209
3728,339
3722,181
3695,164
3860,439
3988,334
4592,340
4723,420
4679,432
4870,223
3555,156
3534,205
3535,139
3505,330
2809,210
3655,182
3776,195
3733,352
3728,352
3722,258
3695,114
3860,207
3988,447
4592,217
4723,339
4679,226
4870,373
3555,334
3534,271
3535,334
3505,164
2809,302
3655,315
3776,389
3733,111
3728,255
3722,312
3695,108
3860,342
3988,107
4723,388
4679,221
4870,402
3555,397
3534,251
3535,120
3505,191
2809,328
3655,374
3776,178
3733,278
3722,396
3695,265
3860,191
3988,352
4723,221
4679,458
3555,427
3534,252
3535,256
3505,306
2809,332
3655,366
3776,400
3722,400
3695,352
3860,150
3988,324
4723,301
4679,117
3555,437
3534,217
3535,227
3505,389
2809,325
3655,301
3776,250
3722,301
3695,156
3860,180
3988,396
4723,290
4679,367
3555,124
3534,397
3505,225
2809,178
3655,219
3776,268
3722,126
3695,250
3860,231
3988,196
4723,351
4679,247
3555,260
3534,112
3505,354
2809,316
3655,356
3776,395
3722,356
3695,340
3860,274
3988,401
4723,207
4679,217
3555,337
3534,225
3505,130
2809,136
3655,271
3776,254
3722,315
3695,437
3860,313
3988,441
4723,210
4679,192
3555,401
3534,340
3505,245
2809,318
3655,222
3776,325
3695,401
3860,140
3988,300
4723,304
3555,468
3534,468
3505,271
2809,232
3655,229
3776,319
3695,115
3860,376
3988,208
4723,395
3555,398
3534,259
3505,303
2809,376
3655,378
3776,284
3695,235
3860,307
3988,319
4723,367
3555,145
3534,334
3505,396
2809,365
3655,148
3776,450
3695,178
3860,323
3988,262
4723,223
3555,355
3534,256
3505,402
2809,349
3655,223
3776,420
3695,342
3860,171
3988,259
4723,251
3555,271
3534,463
3505,366
2809,323
3655,228
3776,134
3695,126
3860,204
3988,119
4723,359
3555,265
3505,341
2809,247
3655,396
3776,200
3695,211
3860,441
3988,197
4723,401
3555,115
3505,432
2809,170
3655,337
3776,261
3695,403
3860,324
3988,292
4723,442
3555,244
2809,223
3655,354
3695,222
3860,177
3988,229
4723,203
3555,189
2809,352
3655,204
3695,228
3860,289
3988,427
4723,302
3555,371
2809,396
3655,431
3695,423
3860,294
3988,247
4723,226
3555,211
2809,341
3655,283
3695,218
3860,220
3988,228
4723,119
3555,193
3655,449
3695,336
3860,395
3988,371
4723,139
3555,306
3655,284
3695,374
3860,271
3988,342
4723,385
3555,342
3655,108
3695,143
3860,309
3988,164
4723,110
3555,410
3655,334
3695,356
3860,418
3988,373
4723,208
3555,264
3655,293
3860,262
4723,319
3555,126
3655,178
3860,268
4723,374
3555,267
3655,237
3860,380
3655,454
3860,371
3655,452
3860,124
3655,292
3655,440
3655,400
3655,120
3655,296
3655,267
3655,306
3655,251
3655,439
3655,389
3655,136
3655,327
3655,196
3655,247
3655,270
3655,409
